Workbook

Sheet Sheet1
A4: EJECUTOR | B4: TITULO PROYECTO | C4: MANDANTE O TITULAR | D4: N° DE RESOLUCIÓN SUBPESCA
A5: BRIAN REID (CIEP) | B5: EFECTO DE SEDIMENTOS SUSPENDIDOS A LA ALIMENTACIÓN DE LOS PECES NATIVOS E INTRODUCIDOS, EN LA CUENCA DEL RÍO SIMPSON, REGIÓN DE AYSÉN | C5: Centro de Investigación de Ecosistemas de la Patagonia, CIEP | D5: R. EX N°E-2022-499
A6: Claudia Verdugo Castro | B6: Línea base limnológica Río Trainel cercano a la Piscicultura Trainel, Región de Los Lagos | C6: Piscicultura Trainel | D6: R. EX. N° E-2020-607
B7: Monitoreo Limnológico Proyecto Refundición de RCA's Amplición y Cambio Operacional, Río Petrohué, comuna de Puerto Varas, Región de Los Lagos | C7: Salmones Camanchaca S.A. | D7: R. EX N°65/2020
A8: CLAUDIA VERDUGO CASTRO (ECOSISTEMA) | B8: PISCICULTURA DE RECIRCULACIÓN LAGO BALMACEDA, SEALAND AQUACULTURE S.A. RESPUESTA OBSERVACIÓN 1.2.8 ICSARA N°1 (064/2016) | C8: SEALAND AQUACULTURE S.A. | D8: R.EX N°3232/2016
A9: Cultivos Marinos Lago Yelcho S.P.A. | B9: CARACTERIZACIÓN DE FAUNA ÍCTICA ASOCIADA AL PROYECTO, PISCICULTURA SAN JOAQUÍN. RIO CISNES, HUALAIHUÉ ESTERO, COMUNA DE HUALAIHUÉ, PROVINCIA DE PALENA. REGIÓN DE LOS LAGOS. | C9: Juan Cárcamo Barría | D9: R. EX N°411-2017
A10: GAMAN LIMNO STUDIES LTDA. | B10: CENTRAL HIDROELECTRICA CHAICA | C10: INGENIUM CIVIL S.A | D10: R.EX N°767/2014
A11: ICNOVA ING | B11: Proyecto de riego Magallanes, embalse río Porvenir | C11: Comisión Nacional de Riego | D11: R. EX N°838/2018
A12: ICNOVA ING CONSULTORES | B12: Diagnostico Hidrobiológico de Laguna Escondida y Laguna Barrosa - Declaración de Impacto Ambiental Almacenamiento de Agua de Interior Mina Javiera en Laguna Salitrosa, Comuna de Chile Chico, XII Región de Aysén | C12: Compañía Minera Cerro Bayo Ltda | D12: R. EX N°388/2018
A13: Jaime Illanes y Asociados Consultores S.A. | B13: Caracterización ecosistemas acuáticos continentales asociados al proyecto modificación piscicultura los Tilcos, Río Chico región de los Lagos | C13: Jaime Illanes y Asociados Consultores S.A. | D13: R. EX N°E-2021-074
A14: Maring EIRL | B14: Piscultura El Arco | C14: Garo S.A | D14: R.EX N°262/2012
A15: MARTINEZ AMBIENTAL LTDA | B15: MINA INVIERNO | C15: MINERA INVIERNO SA | D15: R.EX N°1628/2019
A16: PHOTOSINTESIS | B16: CARACTERIZACIÓN LIMNOLÓGICA Y USO DE HÁBITATS RIBEREÑOS EN LOS LAGOS MEULLÍN, YULTON Y RÍO CUERVOS, REGIÓN DEL GRAL. CARLOS IBÁÑEZ DEL CAMPO | C16: Orcas SpA | D16: R. EX N°E-2021-117
A17: Grand Total
D22: Permiso | E22: Referencia
A23: Brian Reid | B23: EFECTO DE SEDIMENTOS SUSPENDIDOS A LA ALIMENTACIÓN DE LOS PECES NATIVOS E INTRODUCIDOS, EN LA CUENCA DEL RÍO SIMPSON, REGIÓN DE AYSÉN | C23: Centro de Investigación de Ecosistemas de la Patagonia, CIEP | D23: R. EX N°E-2022-499 | E23: Brian Reid (2022) Informe de resutados de pesca de investigación asociado al permiso SUBPESCA, R. EX N°E-2022-499. Proyecto: Efecto de sedimentos suspendidos a la alimentación de los peces nativos e introducidos, en la cuenca del río Simpson, región de Aysén. Centro de Investigación de Ecosistemas de la Patagonia.
A24: Claudia Verdugo Castro | B24: Línea base limnológica Río Trainel cercano a la Piscicultura Trainel, Región de Los Lagos | C24: Piscicultura Trainel | D24: R. EX. N° E-2020-607 | E24: Claudia Verdugo Castro (2020) Informe de resutados de pesca de investigación asociado al permiso SUBPESCA, R. EX. N° E-2020-607 . Proyecto: Línea base limnológica Río Trainel cercano a la Piscicultura Trainel, región de Los Lagos. Mandante: Piscicultura Trainel.
B25: Monitoreo Limnológico Proyecto Refundición de RCA's Amplición y Cambio Operacional, Río Petrohué, comuna de Puerto Varas, Región de Los Lagos | C25: Salmones Camanchaca S.A. | D25: R. EX N°65/2020 | E25: Claudia Verdugo Castro (2020) Informe de resutados de pesca de investigación asociado al permiso SUBPESCA, R. EX N°65/2020. Proyecto: Monitoreo limnológico proyecto refundición de RCA's Amplición y cambio operacional, río Petrohué, comuna de Puerto Varas, región de Los Lagos. Mandante: Salmones Camanchaca S.A.
A26: CLAUDIA VERDUGO CASTRO (ECOSISTEMA) | B26: PISCICULTURA DE RECIRCULACIÓN LAGO BALMACEDA, SEALAND AQUACULTURE S.A. RESPUESTA OBSERVACIÓN 1.2.8 ICSARA N°1 (064/2016) | C26: SEALAND AQUACULTURE S.A. | D26: R.EX N°3232/2016 | E26: Claudia Verdugo Castro (Ecosistema) (2016) Informe de resutados de pesca de investigación asociado al permiso SUBPESCA, R.EX N°3232/2016. Proyecto: Piscicultura de recirculación lago Balmaceda, Sealand Aquaculture S.A.; respuesta observación 1.2.8 ICSARA n°1 (064/2016). Mandante: Sealand Aquaculture S.A.
A27: Cultivos Marinos Lago Yelcho S.P.A. | B27: CARACTERIZACIÓN DE FAUNA ÍCTICA ASOCIADA AL PROYECTO, PISCICULTURA SAN JOAQUÍN. RIO CISNES, HUALAIHUÉ ESTERO, COMUNA DE HUALAIHUÉ, PROVINCIA DE PALENA. REGIÓN DE LOS LAGOS. | C27: Juan Cárcamo Barría | D27: R. EX N°411-2017 | E27: Juan Cárcamo Barría (2017) Informe de resutados de pesca de investigación asociado al permiso SUBPESCA, R. EX N°411-2017. Proyecto: Caracterización de fauna íctica asociada al proyecto, piscicultura San Joaquín, sector El Varal, comuna de Hualaihué, X región de Los Lagos. Mandante: Cultivos Marinos Lago Yelcho S.P.A.
A28: GAMAN LIMNO STUDIES LTDA. | B28: CENTRAL HIDROELECTRICA CHAICA | C28: INGENIUM CIVIL S.A | D28: R.EX N°767/2014 | E28: Gaman Limno Studies Ltda. (2014) Informe de resutados de pesca de investigación asociado al permiso SUBPESCA, R.EX N°767/2014. Proyecto: Estudio Línea base de tipo limnológico del proyecto hidroeléctrico Chaica en el río Lenca, comuna de Puerto Montt, X Región. Mandante: Ingenium Civil S.A
A29: ICNOVA ING | B29: Proyecto de riego Magallanes, embalse río Porvenir | C29: Comisión Nacional de Riego | D29: R. EX N°838/2018 | E29: Icnova Ing (2018) Informe de resutados de pesca de investigación asociado al permiso SUBPESCA, R. EX N°838/2018. Proyecto: Caracterización limnológica asociado al proyecto de riego Magallanes, embalse río Porvenir, XII region de Magallanes y la Antártica Chilena. Mandante: Comisión Nacional de Riego.
A30: ICNOVA ING CONSULTORES | B30: Diagnostico Hidrobiológico de Laguna Escondida y Laguna Barrosa - Declaración de Impacto Ambiental Almacenamiento de Agua de Interior Mina Javiera en Laguna Salitrosa, Comuna de Chile Chico, XII Región de Aysén | C30: Compañía Minera Cerro Bayo Ltda | D30: R. EX N°388/2018 | E30: Icnova Ing Consultores (2018) Informe de resutados de pesca de investigación asociado al permiso SUBPESCA, R. EX N°388/2018. Proyecto: Diagnostico hidrobiológico de laguna Escondida y laguna Barrosa - declaración de impacto ambiental almacenamiento de agua de interior Mina Javiera en laguna Salitrosa, comuna de Chile Chico, XII Región de Aysén. Mandante: Compañía Minera Cerro Bayo Ltda.
A31: Jaime Illanes y Asociados Consultores S.A. | B31: Caracterización ecosistemas acuáticos continentales asociados al proyecto modificación piscicultura los Tilcos, Río Chico región de los Lagos | C31: Jaime Illanes y Asociados Consultores S.A. | D31: R. EX N°E-2021-074 | E31: Jaime Illanes y Asociados Consultores S.A. (2021) Informe de resutados de pesca de investigación asociado al permiso SUBPESCA, R. EX N°E-2021-074. Proyecto: Caracterización ecosistemas acuáticos continentales asociados al proyecto modificación Piscicultura los Tilcos, Río Chico Región de Los Lagos. Mandante: Piscicultura los Tilcos.
A32: Maring EIRL | B32: Piscultura El Arco | C32: Garo S.A | D32: R.EX N°262/2012 | E32: Maring Eirl (2012) Informe de resutados de pesca de investigación asociado al permiso SUBPESCA, R.EX N°262/2012. Proyecto: Evaluación limnológica-íctica, estero El Arco, Coyhaique, Región de Aysén. Mandante: Garo S.A.
A33: MARTINEZ AMBIENTAL LTDA | B33: MINA INVIERNO | C33: MINERA INVIERNO SA | D33: R.EX N°1628/2019 | E33: Martinez Ambiental Ltda (2019) Informe de resutados de pesca de investigación asociado al permiso SUBPESCA, R.EX N°1628/2019. Proyecto: Plan de vigilancia ambiental, asociado al proyecto Mina Invierno, comuna de Río Verde, región de Magallanes y Antártica Chilena. Mandante: Minera Invierno Sa.
A34: PHOTOSINTESIS | B34: CARACTERIZACIÓN LIMNOLÓGICA Y USO DE HÁBITATS RIBEREÑOS EN LOS LAGOS MEULLÍN, YULTON Y RÍO CUERVOS, REGIÓN DEL GRAL. CARLOS IBÁÑEZ DEL CAMPO | C34: Orcas SpA | D34: R. EX N°E-2021-117 | E34: Las Orcas Spa. (Photosintesis) (2021) Informe de resutados de pesca de investigación asociado al permiso SUBPESCA, R. EX N°E-2021-117. Proyecto: Caracterización limnológica y uso de hábitats ribereños en los lagos Meullín, Yulton y Río cuervos, región del General Carlos Ibáñez del Campo. Mandante: Fundación Kreen.
A38: Brian Reid | B38: 2022 | C38: Efecto de sedimentos suspendidos a la alimentación de los peces nativos e introducidos, en la cuenca del río Simpson, región de Aysén. | D38: Centro de Investigación de Ecosistemas de la Patagonia. | E38: R. EX N°E-2022-499 | F38: =CONCATENATE("Informe de resutados de pesca de investigación asociado al permiso SUBPESCA, ",E38,".") -> Informe de resutados de pesca de investigación asociado al permiso SUBPESCA, R. EX N°E-2022-499. | G38: =CONCATENATE(A38," (",B38,") ",F38," Proyecto: ",C38," Mandante: ",D38) -> Brian Reid (2022) Informe de resutados de pesca de investigación asociado al permiso SUBPESCA, R. EX N°E-2022-499. Proyecto: Efecto de sedimentos suspendidos a la alimentación de los peces nativos e introducidos, en la cuenca del río Simpson, región de Aysén. Mandante: Centro de Investigación de Ecosistemas de la Patagonia. | H38: Brian Reid (2022) Informe de resutados de pesca de investigación asociado al permiso SUBPESCA, R. EX N°E-2022-499. Proyecto: Efecto de sedimentos suspendidos a la alimentación de los peces nativos e introducidos, en la cuenca del río Simpson, región de Aysén. Centro de Investigación de Ecosistemas de la Patagonia.
A39: Claudia Verdugo Castro | B39: 2020 | C39: Línea base limnológica Río Trainel cercano a la Piscicultura Trainel, región de Los Lagos. | D39: Piscicultura Trainel | E39: R. EX. N° E-2020-607 | F39: =CONCATENATE("Informe de resutados de pesca de investigación asociado al permiso SUBPESCA, ",E39,".") -> Informe de resutados de pesca de investigación asociado al permiso SUBPESCA, R. EX. N° E-2020-607 . | G39: =CONCATENATE(A39," (",B39,") ",F39," Proyecto: ",C39," Mandante: ",D39) -> Claudia Verdugo Castro (2020) Informe de resutados de pesca de investigación asociado al permiso SUBPESCA, R. EX. N° E-2020-607 . Proyecto: Línea base limnológica Río Trainel cercano a la Piscicultura Trainel, región de Los Lagos. Mandante: Piscicultura Trainel | H39: Claudia Verdugo Castro (2020) Informe de resutados de pesca de investigación asociado al permiso SUBPESCA, R. EX. N° E-2020-607 . Proyecto: Línea base limnológica Río Trainel cercano a la Piscicultura Trainel, región de Los Lagos. Mandante: Piscicultura Trainel.
A40: Claudia Verdugo Castro | B40: 2020 | C40: Monitoreo limnológico proyecto refundición de RCA's Amplición y cambio operacional, río Petrohué, comuna de Puerto Varas, región de Los Lagos. | D40: Salmones Camanchaca S.A. | E40: R. EX N°65/2020 | F40: =CONCATENATE("Informe de resutados de pesca de investigación asociado al permiso SUBPESCA, ",E40,".") -> Informe de resutados de pesca de investigación asociado al permiso SUBPESCA, R. EX N°65/2020. | G40: =CONCATENATE(A40," (",B40,") ",F40," Proyecto: ",C40," Mandante: ",D40) -> Claudia Verdugo Castro (2020) Informe de resutados de pesca de investigación asociado al permiso SUBPESCA, R. EX N°65/2020. Proyecto: Monitoreo limnológico proyecto refundición de RCA's Amplición y cambio operacional, río Petrohué, comuna de Puerto Varas, región de Los Lagos. Mandante: Salmones Camanchaca S.A. | H40: Claudia Verdugo Castro (2020) Informe de resutados de pesca de investigación asociado al permiso SUBPESCA, R. EX N°65/2020. Proyecto: Monitoreo limnológico proyecto refundición de RCA's Amplición y cambio operacional, río Petrohué, comuna de Puerto Varas, región de Los Lagos. Mandante: Salmones Camanchaca S.A.
A41: Claudia Verdugo Castro (Ecosistema) | B41: 2016 | C41: Piscicultura de recirculación lago Balmaceda, Sealand Aquaculture S.A.; respuesta observación 1.2.8 ICSARA n°1 (064/2016). | D41: Sealand Aquaculture S.A. | E41: R.EX N°3232/2016 | F41: =CONCATENATE("Informe de resutados de pesca de investigación asociado al permiso SUBPESCA, ",E41,".") -> Informe de resutados de pesca de investigación asociado al permiso SUBPESCA, R.EX N°3232/2016. | G41: =CONCATENATE(A41," (",B41,") ",F41," Proyecto: ",C41," Mandante: ",D41) -> Claudia Verdugo Castro (Ecosistema) (2016) Informe de resutados de pesca de investigación asociado al permiso SUBPESCA, R.EX N°3232/2016. Proyecto: Piscicultura de recirculación lago Balmaceda, Sealand Aquaculture S.A.; respuesta observación 1.2.8 ICSARA n°1 (064/2016). Mandante: Sealand Aquaculture S.A. | H41: Claudia Verdugo Castro (Ecosistema) (2016) Informe de resutados de pesca de investigación asociado al permiso SUBPESCA, R.EX N°3232/2016. Proyecto: Piscicultura de recirculación lago Balmaceda, Sealand Aquaculture S.A.; respuesta observación 1.2.8 ICSARA n°1 (064/2016). Mandante: Sealand Aquaculture S.A.
A42: Juan Cárcamo Barría | B42: 2017 | C42: Caracterización de fauna íctica asociada al proyecto, piscicultura San Joaquín, sector El Varal, comuna de Hualaihué, X región de Los Lagos. | D42: Cultivos Marinos Lago Yelcho S.P.A. | E42: R. EX N°411-2017 | F42: =CONCATENATE("Informe de resutados de pesca de investigación asociado al permiso SUBPESCA, ",E42,".") -> Informe de resutados de pesca de investigación asociado al permiso SUBPESCA, R. EX N°411-2017. | G42: =CONCATENATE(A42," (",B42,") ",F42," Proyecto: ",C42," Mandante: ",D42) -> Juan Cárcamo Barría (2017) Informe de resutados de pesca de investigación asociado al permiso SUBPESCA, R. EX N°411-2017. Proyecto: Caracterización de fauna íctica asociada al proyecto, piscicultura San Joaquín, sector El Varal, comuna de Hualaihué, X región de Los Lagos. Mandante: Cultivos Marinos Lago Yelcho S.P.A. | H42: Juan Cárcamo Barría (2017) Informe de resutados de pesca de investigación asociado al permiso SUBPESCA, R. EX N°411-2017. Proyecto: Caracterización de fauna íctica asociada al proyecto, piscicultura San Joaquín, sector El Varal, comuna de Hualaihué, X región de Los Lagos. Mandante: Cultivos Marinos Lago Yelcho S.P.A.
A43: Gaman Limno Studies Ltda. | B43: 2014 | C43: Estudio Línea base de tipo limnológico del proyecto hidroeléctrico Chaica en el río Lenca, comuna de Puerto Montt, X Región. | D43: Ingenium Civil S.A | E43: R.EX N°767/2014 | F43: =CONCATENATE("Informe de resutados de pesca de investigación asociado al permiso SUBPESCA, ",E43,".") -> Informe de resutados de pesca de investigación asociado al permiso SUBPESCA, R.EX N°767/2014. | G43: =CONCATENATE(A43," (",B43,") ",F43," Proyecto: ",C43," Mandante: ",D43) -> Gaman Limno Studies Ltda. (2014) Informe de resutados de pesca de investigación asociado al permiso SUBPESCA, R.EX N°767/2014. Proyecto: Estudio Línea base de tipo limnológico del proyecto hidroeléctrico Chaica en el río Lenca, comuna de Puerto Montt, X Región. Mandante: Ingenium Civil S.A | H43: Gaman Limno Studies Ltda. (2014) Informe de resutados de pesca de investigación asociado al permiso SUBPESCA, R.EX N°767/2014. Proyecto: Estudio Línea base de tipo limnológico del proyecto hidroeléctrico Chaica en el río Lenca, comuna de Puerto Montt, X Región. Mandante: Ingenium Civil S.A
A44: Icnova Ing | B44: 2018 | C44: Caracterización limnológica asociado al proyecto de riego Magallanes, embalse río Porvenir, XII region de Magallanes y la Antártica Chilena. | D44: Comisión Nacional de Riego | E44: R. EX N°838/2018 | F44: =CONCATENATE("Informe de resutados de pesca de investigación asociado al permiso SUBPESCA, ",E44,".") -> Informe de resutados de pesca de investigación asociado al permiso SUBPESCA, R. EX N°838/2018. | G44: =CONCATENATE(A44," (",B44,") ",F44," Proyecto: ",C44," Mandante: ",D44) -> Icnova Ing (2018) Informe de resutados de pesca de investigación asociado al permiso SUBPESCA, R. EX N°838/2018. Proyecto: Caracterización limnológica asociado al proyecto de riego Magallanes, embalse río Porvenir, XII region de Magallanes y la Antártica Chilena. Mandante: Comisión Nacional de Riego | H44: Icnova Ing (2018) Informe de resutados de pesca de investigación asociado al permiso SUBPESCA, R. EX N°838/2018. Proyecto: Caracterización limnológica asociado al proyecto de riego Magallanes, embalse río Porvenir, XII region de Magallanes y la Antártica Chilena. Mandante: Comisión Nacional de Riego.
A45: Icnova Ing Consultores | B45: 2018 | C45: Diagnostico hidrobiológico de laguna Escondida y laguna Barrosa - declaración de impacto ambiental almacenamiento de agua de interior Mina Javiera en laguna Salitrosa, comuna de Chile Chico, XII Región de Aysén. | D45: Compañía Minera Cerro Bayo Ltda. | E45: R. EX N°388/2018 | F45: =CONCATENATE("Informe de resutados de pesca de investigación asociado al permiso SUBPESCA, ",E45,".") -> Informe de resutados de pesca de investigación asociado al permiso SUBPESCA, R. EX N°388/2018. | G45: =CONCATENATE(A45," (",B45,") ",F45," Proyecto: ",C45," Mandante: ",D45) -> Icnova Ing Consultores (2018) Informe de resutados de pesca de investigación asociado al permiso SUBPESCA, R. EX N°388/2018. Proyecto: Diagnostico hidrobiológico de laguna Escondida y laguna Barrosa - declaración de impacto ambiental almacenamiento de agua de interior Mina Javiera en laguna Salitrosa, comuna de Chile Chico, XII Región de Aysén. Mandante: Compañía Minera Cerro Bayo Ltda. | H45: Icnova Ing Consultores (2018) Informe de resutados de pesca de investigación asociado al permiso SUBPESCA, R. EX N°388/2018. Proyecto: Diagnostico hidrobiológico de laguna Escondida y laguna Barrosa - declaración de impacto ambiental almacenamiento de agua de interior Mina Javiera en laguna Salitrosa, comuna de Chile Chico, XII Región de Aysén. Mandante: Compañía Minera Cerro Bayo Ltda.
A46: Jaime Illanes y Asociados Consultores S.A. | B46: 2021 | C46: Caracterización ecosistemas acuáticos continentales asociados al proyecto modificación Piscicultura los Tilcos, Río Chico Región de Los Lagos. | D46: Piscicultura los Tilcos | E46: R. EX N°E-2021-074 | F46: =CONCATENATE("Informe de resutados de pesca de investigación asociado al permiso SUBPESCA, ",E46,".") -> Informe de resutados de pesca de investigación asociado al permiso SUBPESCA, R. EX N°E-2021-074. | G46: =CONCATENATE(A46," (",B46,") ",F46," Proyecto: ",C46," Mandante: ",D46) -> Jaime Illanes y Asociados Consultores S.A. (2021) Informe de resutados de pesca de investigación asociado al permiso SUBPESCA, R. EX N°E-2021-074. Proyecto: Caracterización ecosistemas acuáticos continentales asociados al proyecto modificación Piscicultura los Tilcos, Río Chico Región de Los Lagos. Mandante: Piscicultura los Tilcos | H46: Jaime Illanes y Asociados Consultores S.A. (2021) Informe de resutados de pesca de investigación asociado al permiso SUBPESCA, R. EX N°E-2021-074. Proyecto: Caracterización ecosistemas acuáticos continentales asociados al proyecto modificación Piscicultura los Tilcos, Río Chico Región de Los Lagos. Mandante: Piscicultura los Tilcos.
A47: Maring Eirl | B47: 2012 | C47: Evaluación limnológica-íctica, estero El Arco, Coyhaique, Región de Aysén. | D47: Garo S.A | E47: R.EX N°262/2012 | F47: =CONCATENATE("Informe de resutados de pesca de investigación asociado al permiso SUBPESCA, ",E47,".") -> Informe de resutados de pesca de investigación asociado al permiso SUBPESCA, R.EX N°262/2012. | G47: =CONCATENATE(A47," (",B47,") ",F47," Proyecto: ",C47," Mandante: ",D47) -> Maring Eirl (2012) Informe de resutados de pesca de investigación asociado al permiso SUBPESCA, R.EX N°262/2012. Proyecto: Evaluación limnológica-íctica, estero El Arco, Coyhaique, Región de Aysén. Mandante: Garo S.A | H47: Maring Eirl (2012) Informe de resutados de pesca de investigación asociado al permiso SUBPESCA, R.EX N°262/2012. Proyecto: Evaluación limnológica-íctica, estero El Arco, Coyhaique, Región de Aysén. Mandante: Garo S.A.
A48: Martinez Ambiental Ltda | B48: 2019 | C48: Plan de vigilancia ambiental, asociado al proyecto Mina Invierno, comuna de Río Verde, región de Magallanes y Antártica Chilena. | D48: Minera Invierno Sa | E48: R.EX N°1628/2019 | F48: =CONCATENATE("Informe de resutados de pesca de investigación asociado al permiso SUBPESCA, ",E48,".") -> Informe de resutados de pesca de investigación asociado al permiso SUBPESCA, R.EX N°1628/2019. | G48: =CONCATENATE(A48," (",B48,") ",F48," Proyecto: ",C48," Mandante: ",D48) -> Martinez Ambiental Ltda (2019) Informe de resutados de pesca de investigación asociado al permiso SUBPESCA, R.EX N°1628/2019. Proyecto: Plan de vigilancia ambiental, asociado al proyecto Mina Invierno, comuna de Río Verde, región de Magallanes y Antártica Chilena. Mandante: Minera Invierno Sa | H48: Martinez Ambiental Ltda (2019) Informe de resutados de pesca de investigación asociado al permiso SUBPESCA, R.EX N°1628/2019. Proyecto: Plan de vigilancia ambiental, asociado al proyecto Mina Invierno, comuna de Río Verde, región de Magallanes y Antártica Chilena. Mandante: Minera Invierno Sa.
A49: Las Orcas Spa. (Photosintesis) | B49: 2021 | C49: Caracterización limnológica y uso de hábitats ribereños en los lagos Meullín, Yulton y Río cuervos, región del General Carlos Ibáñez del Campo. | D49: Fundación Kreen | E49: R. EX N°E-2021-117 | F49: =CONCATENATE("Informe de resutados de pesca de investigación asociado al permiso SUBPESCA, ",E49,".") -> Informe de resutados de pesca de investigación asociado al permiso SUBPESCA, R. EX N°E-2021-117. | G49: =CONCATENATE(A49," (",B49,") ",F49," Proyecto: ",C49," Mandante: ",D49) -> Las Orcas Spa. (Photosintesis) (2021) Informe de resutados de pesca de investigación asociado al permiso SUBPESCA, R. EX N°E-2021-117. Proyecto: Caracterización limnológica y uso de hábitats ribereños en los lagos Meullín, Yulton y Río cuervos, región del General Carlos Ibáñez del Campo. Mandante: Fundación Kreen | H49: Las Orcas Spa. (Photosintesis) (2021) Informe de resutados de pesca de investigación asociado al permiso SUBPESCA, R. EX N°E-2021-117. Proyecto: Caracterización limnológica y uso de hábitats ribereños en los lagos Meullín, Yulton y Río cuervos, región del General Carlos Ibáñez del Campo. Mandante: Fundación Kreen.
B50: =LOWER( B35 ) | C50: =PROPER(C35)
C51: =PROPER(C36)

Sheet Original
A1: N° DE RESOLUCIÓN SUBPESCA | B1: EJECUTOR | C1: TITULO PROYECTO | D1: MANDANTE O TITULAR | F1: FUENTE | G1: CUENCA | H1: MES | I1: AÑO | J1: HORA DE MUESTREO | K1: ESTACIÓN | L1: LATITUD | M1: LONGITUD | N1: GRUPO TAXONÓMICO | O1: NOMBRE CIENTÍFICO | P1: NOMBRE COMÚN | Q1: N° INDIVIDUOS | R1: TIPO DE ARTE | S1: VALOR CPUE | T1: UNIDAD CPUE | U1: Nº SACRIFICADOS | V1: DIDYMO VISUAL | W1: MUESTRA | X1: NOMBRE CIENTÍFICO | Y1: NOMBRE COMÚN | Z1: N° DE INDIVIDUOS | AA1: PESO_MIN_GR | AB1: PESO_MAX_GR | AC1: PESO_PROMEDIO | AD1: PESO D.S. | AE1: N° DE INDIVIDUOS | AF1: LONG_MIN_CM | AG1: LONG_MAX_CM | AH1: LONG_PROMEDIO | AI1: LONG_D.S.
A2: R.EX N°262/2012 | B2: Maring EIRL | C2: Piscultura El Arco | D2: Garo S.A | E2: =INDEX(Sheet1!$E$23:$E$34,MATCH(A2,Sheet1!$D$23:$D$34,0)) -> Maring Eirl (2012) Informe de resutados de pesca de investigación asociado al permiso SUBPESCA, R.EX N°262/2012. Proyecto: Evaluación limnológica-íctica, estero El Arco, Coyhaique, Región de Aysén. Mandante: Garo S.A. | F2: PRIVADA | G2: Río Simpson | H2: FEBRERO | I2: 2012 | J2: 0.41666667 | K2: 1 | L2: -45.746925 | M2: -72.122614 | N2: PECES | O2: Oncorhynchus mykiss | P2: Trucha Arcoíris | Q2: 1 | R2: 1. PESCA ELÉCTRICA | S2: 1 | T2: (IND/HORA) | U2: 0 | V2: NO | W2: SI | X2: Oncorhynchus mykiss | Y2: Trucha Arcoíris | Z2: 1 | AA2: 5 | AB2: 5 | AC2: 5 | AD2: 0 | AE2: 1 | AF2: 5.2 | AG2: 5.2 | AH2: 5.2 | AI2: 0
A3: R.EX N°262/2012 | B3: Maring EIRL | C3: Piscultura El Arco | D3: Garo S.A | E3: =INDEX(Sheet1!$E$23:$E$34,MATCH(A3,Sheet1!$D$23:$D$34,0)) -> Maring Eirl (2012) Informe de resutados de pesca de investigación asociado al permiso SUBPESCA, R.EX N°262/2012. Proyecto: Evaluación limnológica-íctica, estero El Arco, Coyhaique, Región de Aysén. Mandante: Garo S.A. | F3: PRIVADA | G3: Río Simpson | H3: FEBRERO | I3: 2012 | J3: 0.45833333 | K3: 1 | L3: -45.746925 | M3: -72.122614 | N3: PECES | O3: Salmo trutta | P3: TRUCHA CAFÉ | Q3: 28 | R3: 1. PESCA ELÉCTRICA | S3: 28 | T3: (IND/HORA) | U3: 0 | V3: NO | W3: SI | X3: Salmo trutta | Y3: TRUCHA CAFÉ | Z3: 28 | AA3: 0.7 | AB3: 140 | AC3: 13.207143 | AD3: 31.432796 | AE3: 28 | AF3: 4.2 | AG3: 19.8 | AH3: 7.9 | AI3: 3.8707832
A4: R.EX N°262/2012 | B4: Maring EIRL | C4: Piscultura El Arco | D4: Garo S.A | E4: =INDEX(Sheet1!$E$23:$E$34,MATCH(A4,Sheet1!$D$23:$D$34,0)) -> Maring Eirl (2012) Informe de resutados de pesca de investigación asociado al permiso SUBPESCA, R.EX N°262/2012. Proyecto: Evaluación limnológica-íctica, estero El Arco, Coyhaique, Región de Aysén. Mandante: Garo S.A. | F4: PRIVADA | G4: Río Simpson | H4: FEBRERO | I4: 2012 | J4: 0.5 | K4: 2 | L4: -45.747222 | M4: -72.132889 | N4: PECES | O4: Salmo trutta | P4: TRUCHA CAFÉ | Q4: 32 | R4: 1. PESCA ELÉCTRICA | S4: 32 | T4: (IND/HORA) | U4: 0 | V4: NO | W4: SI | X4: Salmo trutta | Y4: TRUCHA CAFÉ | Z4: 32 | AA4: 0.8 | AB4: 1200 | AC4: 58.53125 | AD4: 222.25218 | AE4: 32 | AF4: 4.1 | AG4: 48.5 | AH4: 8.834375 | AI4: 9.5790635
A5: R.EX N°262/2012 | B5: Maring EIRL | C5: Piscultura El Arco | D5: Garo S.A | E5: =INDEX(Sheet1!$E$23:$E$34,MATCH(A5,Sheet1!$D$23:$D$34,0)) -> Maring Eirl (2012) Informe de resutados de pesca de investigación asociado al permiso SUBPESCA, R.EX N°262/2012. Proyecto: Evaluación limnológica-íctica, estero El Arco, Coyhaique, Región de Aysén. Mandante: Garo S.A. | F5: PRIVADA | G5: Río Simpson | H5: FEBRERO | I5: 2012 | J5: 0.54166667 | K5: 3 | L5: -45.743194 | M5: -72.143 | N5: PECES | O5: Oncorhynchus mykiss | P5: Trucha Arcoíris | Q5: 2 | R5: 1. PESCA ELÉCTRICA | S5: 2 | T5: (IND/HORA) | U5: 0 | V5: NO | W5: SI | X5: Oncorhynchus mykiss | Y5: Trucha Arcoíris | Z5: 2 | AA5: 5 | AB5: 5 | AC5: 5 | AD5: 0 | AE5: 2 | AF5: 5.2 | AG5: 5.6 | AH5: 5.4 | AI5: 0.28284271
A6: R.EX N°262/2012 | B6: Maring EIRL | C6: Piscultura El Arco | D6: Garo S.A | E6: =INDEX(Sheet1!$E$23:$E$34,MATCH(A6,Sheet1!$D$23:$D$34,0)) -> Maring Eirl (2012) Informe de resutados de pesca de investigación asociado al permiso SUBPESCA, R.EX N°262/2012. Proyecto: Evaluación limnológica-íctica, estero El Arco, Coyhaique, Región de Aysén. Mandante: Garo S.A. | F6: PRIVADA | G6: Río Simpson | H6: FEBRERO | I6: 2012 | J6: 0.58333333 | K6: 3 | L6: -45.743194 | M6: -72.143 | N6: PECES | O6: Salmo trutta | P6: TRUCHA CAFÉ | Q6: 16 | R6: 1. PESCA ELÉCTRICA | S6: 16 | T6: (IND/HORA) | U6: 0 | V6: NO | W6: SI | X6: Salmo trutta | Y6: TRUCHA CAFÉ | Z6: 16 | AA6: 5 | AB6: 45 | AC6: 16 | AD6: 16.309506 | AE6: 16 | AF6: 5.8 | AG6: 16.4 | AH6: 10.775 | AI6: 4.0182086
A7: R.EX N°767/2014 | B7: GAMAN LIMNO STUDIES LTDA. | C7: CENTRAL HIDROELECTRICA CHAICA | D7: INGENIUM CIVIL S.A | E7: =INDEX(Sheet1!$E$23:$E$34,MATCH(A7,Sheet1!$D$23:$D$34,0)) -> Gaman Limno Studies Ltda. (2014) Informe de resutados de pesca de investigación asociado al permiso SUBPESCA, R.EX N°767/2014. Proyecto: Estudio Línea base de tipo limnológico del proyecto hidroeléctrico Chaica en el río Lenca, comuna de Puerto Montt, X Región. Mandante: Ingenium Civil S.A | F7: PRIVADA | G7: CHAICA | H7: MARZO | I7: 2014 | J7: 0.29166667 | K7: E1 | L7: 41°35'52.80"S | M7: 72°36'2.00"O | N7: Actinopterygii | O7: Salmo salar | P7: Salmón del Atlántico | Q7: 2 | R7: 2. ESPINEL | S7: 0.017 | T7: (IND/N°ANZ/HORA) | U7: 0 | V7: NO | W7: NO | X7: Salmo salar | Y7: Salmón del Atlántico | Z7: 2 | AA7: 45.2 | AB7: 82.1 | AC7: 63.7 | AD7: 26.09 | AE7: 2 | AF7: 17.5 | AG7: 19.5 | AH7: 18.5 | AI7: 1.41
A8: R.EX N°767/2014 | B8: GAMAN LIMNO STUDIES LTDA. | C8: CENTRAL HIDROELECTRICA CHAICA | D8: INGENIUM CIVIL S.A | E8: =INDEX(Sheet1!$E$23:$E$34,MATCH(A8,Sheet1!$D$23:$D$34,0)) -> Gaman Limno Studies Ltda. (2014) Informe de resutados de pesca de investigación asociado al permiso SUBPESCA, R.EX N°767/2014. Proyecto: Estudio Línea base de tipo limnológico del proyecto hidroeléctrico Chaica en el río Lenca, comuna de Puerto Montt, X Región. Mandante: Ingenium Civil S.A | F8: PRIVADA | G8: CHAICA | H8: MARZO | I8: 2014 | J8: 0.29166667 | K8: E1 | L8: 41°35'52.80"S | M8: 72°36'2.00"O | N8: Actinopterygii | O8: Salmo trutta | P8: Trucha café | Q8: 1 | R8: 2. ESPINEL | S8: 0.08 | T8: (IND/N°ANZ/HORA) | U8: 0 | V8: NO | W8: NO | X8: Salmo trutta | Y8: Trucha café | Z8: 1 | AA8: 25.5 | AB8: 25.5 | AC8: 25.5 | AD8: - | AE8: 1 | AF8: 13.6 | AG8: 13.6 | AH8: 13.6 | AI8: -
A9: R.EX N°767/2014 | B9: GAMAN LIMNO STUDIES LTDA. | C9: CENTRAL HIDROELECTRICA CHAICA | D9: INGENIUM CIVIL S.A | E9: =INDEX(Sheet1!$E$23:$E$34,MATCH(A9,Sheet1!$D$23:$D$34,0)) -> Gaman Limno Studies Ltda. (2014) Informe de resutados de pesca de investigación asociado al permiso SUBPESCA, R.EX N°767/2014. Proyecto: Estudio Línea base de tipo limnológico del proyecto hidroeléctrico Chaica en el río Lenca, comuna de Puerto Montt, X Región. Mandante: Ingenium Civil S.A | F9: PRIVADA | G9: CHAICA | H9: MARZO | I9: 2014 | J9: 0.375 | K9: E2 | L9: 41°36'8.55"S | M9: 72°36'59.17"O | N9: Actinopterygii | O9: Salmo salar | P9: Salmón del Atlántico | Q9: 1 | R9: 1. PESCA ELÉCTRICA | S9: 1 | T9: (IND/HORA) | U9: 0 | V9: NO | W9: NO | X9: Salmo salar | Y9: Salmón del Atlántico | Z9: 1 | AA9: 2.2 | AB9: 2.2 | AC9: 2.2 | AD9: - | AE9: 1 | AF9: 5.7 | AG9: 5.7 | AH9: 5.7 | AI9: -
A10: R.EX N°767/2014 | B10: GAMAN LIMNO STUDIES LTDA. | C10: CENTRAL HIDROELECTRICA CHAICA | D10: INGENIUM CIVIL S.A | E10: =INDEX(Sheet1!$E$23:$E$34,MATCH(A10,Sheet1!$D$23:$D$34,0)) -> Gaman Limno Studies Ltda. (2014) Informe de resutados de pesca de investigación asociado al permiso SUBPESCA, R.EX N°767/2014. Proyecto: Estudio Línea base de tipo limnológico del proyecto hidroeléctrico Chaica en el río Lenca, comuna de Puerto Montt, X Región. Mandante: Ingenium Civil S.A | F10: PRIVADA | G10: CHAICA | H10: MARZO | I10: 2014 | J10: 0.75 | K10: E3 | L10: 41°36'22.59"S | M10: 72°38'43.20"O | N10: Actinopterygii | O10: Salmo salar | P10: Salmón del Atlántico | Q10: 1 | R10: 1. PESCA ELÉCTRICA | S10: 1 | T10: (IND/HORA) | U10: 0 | V10: NO | W10: NO | X10: Salmo salar | Y10: Salmón del Atlántico | Z10: 1 | AA10: 990 | AB10: 990 | AC10: 990 | AD10: - | AE10: 1 | AF10: 49.5 | AG10: 49.5 | AH10: 49.5 | AI10: -
A11: R.EX N°767/2014 | B11: GAMAN LIMNO STUDIES LTDA. | C11: CENTRAL HIDROELECTRICA CHAICA | D11: INGENIUM CIVIL S.A | E11: =INDEX(Sheet1!$E$23:$E$34,MATCH(A11,Sheet1!$D$23:$D$34,0)) -> Gaman Limno Studies Ltda. (2014) Informe de resutados de pesca de investigación asociado al permiso SUBPESCA, R.EX N°767/2014. Proyecto: Estudio Línea base de tipo limnológico del proyecto hidroeléctrico Chaica en el río Lenca, comuna de Puerto Montt, X Región. Mandante: Ingenium Civil S.A | F11: PRIVADA | G11: CHAICA | H11: MARZO | I11: 2014 | J11: 0.75 | K11: E3 | L11: 41°36'22.59"S | M11: 72°38'43.20"O | N11: Actinopterygii | O11: Salmo salar | P11: Salmón del Atlántico | Q11: 1 | R11: 2. ESPINEL | S11: 0.008 | T11: (IND/N°ANZ/HORA) | U11: 0 | V11: NO | W11: NO | X11: Salmo salar | Y11: Salmón del Atlántico | Z11: 1 | AA11: 80.7 | AB11: 80.7 | AC11: 80.7 | AD11: - | AE11: 1 | AF11: 17.2 | AG11: 17.2 | AH11: 17.2 | AI11: -
A12: R.EX N°767/2014 | B12: GAMAN LIMNO STUDIES LTDA. | C12: CENTRAL HIDROELECTRICA CHAICA | D12: INGENIUM CIVIL S.A | E12: =INDEX(Sheet1!$E$23:$E$34,MATCH(A12,Sheet1!$D$23:$D$34,0)) -> Gaman Limno Studies Ltda. (2014) Informe de resutados de pesca de investigación asociado al permiso SUBPESCA, R.EX N°767/2014. Proyecto: Estudio Línea base de tipo limnológico del proyecto hidroeléctrico Chaica en el río Lenca, comuna de Puerto Montt, X Región. Mandante: Ingenium Civil S.A | F12: PRIVADA | G12: CHAICA | H12: MARZO | I12: 2014 | J12: 0.75 | K12: E3 | L12: 41°36'22.59"S | M12: 72°38'43.20"O | N12: Actinopterygii | O12: Salmo trutta | P12: Trucha café | Q12: 3 | R12: 2. ESPINEL | S12: 0.25 | T12: (IND/N°ANZ/HORA) | U12: 0 | V12: NO | W12: NO | X12: Salmo trutta | Y12: Trucha café | Z12: 3 | AA12: 39.3 | AB12: 240.7 | AC12: 158.4 | AD12: 105.61 | AE12: 3 | AF12: 14.9 | AG12: 28 | AH12: 23.1 | AI12: 7.17
A13: R.EX N°767/2014 | B13: GAMAN LIMNO STUDIES LTDA. | C13: CENTRAL HIDROELECTRICA CHAICA | D13: INGENIUM CIVIL S.A | E13: =INDEX(Sheet1!$E$23:$E$34,MATCH(A13,Sheet1!$D$23:$D$34,0)) -> Gaman Limno Studies Ltda. (2014) Informe de resutados de pesca de investigación asociado al permiso SUBPESCA, R.EX N°767/2014. Proyecto: Estudio Línea base de tipo limnológico del proyecto hidroeléctrico Chaica en el río Lenca, comuna de Puerto Montt, X Región. Mandante: Ingenium Civil S.A | F13: PRIVADA | G13: CHAICA | H13: MARZO | I13: 2014 | J13: 0.33333333 | K13: E4 | L13: 41°36'29.23"S | M13: 72°39'9.66"O | N13: Actinopterygii | O13: Salmo trutta | P13: Trucha café | Q13: 1 | R13: 1. PESCA ELÉCTRICA | S13: 1 | T13: (IND/HORA) | U13: 0 | V13: NO | W13: NO | X13: Salmo trutta | Y13: Trucha café | Z13: 1 | AA13: 2.4 | AB13: 2.4 | AC13: 2.4 | AD13: - | AE13: 1 | AF13: 5.7 | AG13: 5.7 | AH13: 5.7 | AI13: -
A14: R.EX N°767/2014 | B14: GAMAN LIMNO STUDIES LTDA. | C14: CENTRAL HIDROELECTRICA CHAICA | D14: INGENIUM CIVIL S.A | E14: =INDEX(Sheet1!$E$23:$E$34,MATCH(A14,Sheet1!$D$23:$D$34,0)) -> Gaman Limno Studies Ltda. (2014) Informe de resutados de pesca de investigación asociado al permiso SUBPESCA, R.EX N°767/2014. Proyecto: Estudio Línea base de tipo limnológico del proyecto hidroeléctrico Chaica en el río Lenca, comuna de Puerto Montt, X Región. Mandante: Ingenium Civil S.A | F14: PRIVADA | G14: CHAICA | H14: MARZO | I14: 2014 | J14: 0.41666667 | K14: E5 | L14: 41°36'38.76"S | M14: 72°39'14.32"O | N14: Actinopterygii | O14: Salmo salar | P14: Salmón del Atlántico | Q14: 1 | R14: 1. PESCA ELÉCTRICA | S14: 1 | T14: (IND/HORA) | U14: 0 | V14: NO | W14: NO | X14: Salmo salar | Y14: Salmón del Atlántico | Z14: 1 | AA14: 39.9 | AB14: 39.9 | AC14: 39.9 | AD14: - | AE14: 1 | AF14: 14.9 | AG14: 14.9 | AH14: 14.9 | AI14: -
A15: R.EX N°767/2014 | B15: GAMAN LIMNO STUDIES LTDA. | C15: CENTRAL HIDROELECTRICA CHAICA | D15: INGENIUM CIVIL S.A | E15: =INDEX(Sheet1!$E$23:$E$34,MATCH(A15,Sheet1!$D$23:$D$34,0)) -> Gaman Limno Studies Ltda. (2014) Informe de resutados de pesca de investigación asociado al permiso SUBPESCA, R.EX N°767/2014. Proyecto: Estudio Línea base de tipo limnológico del proyecto hidroeléctrico Chaica en el río Lenca, comuna de Puerto Montt, X Región. Mandante: Ingenium Civil S.A | F15: PRIVADA | G15: CHAICA | H15: MARZO | I15: 2014 | J15: 0.41666667 | K15: E5 | L15: 41°36'38.76"S | M15: 72°39'14.32"O | N15: Actinopterygii | O15: Aplochiton zebra | P15: Peladilla | Q15: 1 | R15: 1. PESCA ELÉCTRICA | S15: 1 | T15: (IND/HORA) | U15: 0 | V15: NO | W15: NO | X15: Aplochiton zebra | Y15: Peladilla | Z15: 1 | AA15: 9.4 | AB15: 9.4 | AC15: 9.4 | AD15: - | AE15: 1 | AF15: 8.6 | AG15: 8.6 | AH15: 8.6 | AI15: -
A16: R.EX N°767/2014 | B16: GAMAN LIMNO STUDIES LTDA. | C16: CENTRAL HIDROELECTRICA CHAICA | D16: INGENIUM CIVIL S.A | E16: =INDEX(Sheet1!$E$23:$E$34,MATCH(A16,Sheet1!$D$23:$D$34,0)) -> Gaman Limno Studies Ltda. (2014) Informe de resutados de pesca de investigación asociado al permiso SUBPESCA, R.EX N°767/2014. Proyecto: Estudio Línea base de tipo limnológico del proyecto hidroeléctrico Chaica en el río Lenca, comuna de Puerto Montt, X Región. Mandante: Ingenium Civil S.A | F16: PRIVADA | G16: CHAICA | H16: MARZO | I16: 2014 | J16: 0.41666667 | K16: E5 | L16: 41°36'38.76"S | M16: 72°39'14.32"O | N16: Actinopterygii | O16: Galaxias maculatus | P16: Puye | Q16: 6 | R16: 1. PESCA ELÉCTRICA | S16: 6 | T16: (IND/HORA) | U16: 0 | V16: NO | W16: NO | X16: Galaxias maculatus | Y16: Puye | Z16: 6 | AA16: 1.3 | AB16: 2.3 | AC16: 1.7 | AD16: 0.37 | AE16: 6 | AF16: 6.4 | AG16: 6.9 | AH16: 6.6 | AI16: 0.4
A17: R.EX N°767/2014 | B17: GAMAN LIMNO STUDIES LTDA. | C17: CENTRAL HIDROELECTRICA CHAICA | D17: INGENIUM CIVIL S.A | E17: =INDEX(Sheet1!$E$23:$E$34,MATCH(A17,Sheet1!$D$23:$D$34,0)) -> Gaman Limno Studies Ltda. (2014) Informe de resutados de pesca de investigación asociado al permiso SUBPESCA, R.EX N°767/2014. Proyecto: Estudio Línea base de tipo limnológico del proyecto hidroeléctrico Chaica en el río Lenca, comuna de Puerto Montt, X Región. Mandante: Ingenium Civil S.A | F17: PRIVADA | G17: CHAICA | H17: JULIO | I17: 2014 | J17: 0.375 | K17: E1 | L17: 41°35'52.80"S | M17: 72°36'2.00"O | N17: Actinopterygii | O17: Salmo trutta | P17: Trucha café | Q17: 1 | R17: 2. ESPINEL | S17: 0.008 | T17: (IND/N°ANZ/HORA) | U17: 0 | V17: NO | W17: NO | X17: Salmo trutta | Y17: Trucha café | Z17: 1 | AA17: 690 | AB17: 690 | AC17: 690 | AD17: - | AE17: 1 | AF17: 39 | AG17: 39 | AH17: 39 | AI17: -
A18: R.EX N°767/2014 | B18: GAMAN LIMNO STUDIES LTDA. | C18: CENTRAL HIDROELECTRICA CHAICA | D18: INGENIUM CIVIL S.A | E18: =INDEX(Sheet1!$E$23:$E$34,MATCH(A18,Sheet1!$D$23:$D$34,0)) -> Gaman Limno Studies Ltda. (2014) Informe de resutados de pesca de investigación asociado al permiso SUBPESCA, R.EX N°767/2014. Proyecto: Estudio Línea base de tipo limnológico del proyecto hidroeléctrico Chaica en el río Lenca, comuna de Puerto Montt, X Región. Mandante: Ingenium Civil S.A | F18: PRIVADA | G18: CHAICA | H18: JULIO | I18: 2014 | J18: 0.4375 | K18: E2 | L18: 41°36'8.55"S | M18: 72°36'59.17"O | N18: Actinopterygii | O18: Salmo trutta | P18: Trucha café | Q18: 1 | R18: 1. PESCA ELÉCTRICA | S18: 1 | T18: (IND/HORA) | U18: 0 | V18: NO | W18: NO | X18: Salmo trutta | Y18: Trucha café | Z18: 1 | AA18: 20 | AB18: 20 | AC18: 20 | AD18: - | AE18: 1 | AF18: 11.5 | AG18: 11.5 | AH18: 11.5 | AI18: -
A19: R.EX N°767/2014 | B19: GAMAN LIMNO STUDIES LTDA. | C19: CENTRAL HIDROELECTRICA CHAICA | D19: INGENIUM CIVIL S.A | E19: =INDEX(Sheet1!$E$23:$E$34,MATCH(A19,Sheet1!$D$23:$D$34,0)) -> Gaman Limno Studies Ltda. (2014) Informe de resutados de pesca de investigación asociado al permiso SUBPESCA, R.EX N°767/2014. Proyecto: Estudio Línea base de tipo limnológico del proyecto hidroeléctrico Chaica en el río Lenca, comuna de Puerto Montt, X Región. Mandante: Ingenium Civil S.A | F19: PRIVADA | G19: CHAICA | H19: JULIO | I19: 2014 | J19: 0.70833333 | K19: E3 | L19: 41°36'22.59"S | M19: 72°38'43.20"O | N19: Actinopterygii | O19: Salmo salar | P19: Salmón del Atlántico | Q19: 1 | R19: 1. PESCA ELÉCTRICA | S19: 1 | T19: (IND/HORA) | U19: 0 | V19: NO | W19: NO | X19: Salmo salar | Y19: Salmón del Atlántico | Z19: 1 | AA19: 2.2 | AB19: 2.2 | AC19: 2.2 | AD19: - | AE19: 1 | AF19: 5.6 | AG19: 5.6 | AH19: 5.6 | AI19: -
A20: R.EX N°767/2014 | B20: GAMAN LIMNO STUDIES LTDA. | C20: CENTRAL HIDROELECTRICA CHAICA | D20: INGENIUM CIVIL S.A | E20: =INDEX(Sheet1!$E$23:$E$34,MATCH(A20,Sheet1!$D$23:$D$34,0)) -> Gaman Limno Studies Ltda. (2014) Informe de resutados de pesca de investigación asociado al permiso SUBPESCA, R.EX N°767/2014. Proyecto: Estudio Línea base de tipo limnológico del proyecto hidroeléctrico Chaica en el río Lenca, comuna de Puerto Montt, X Región. Mandante: Ingenium Civil S.A | F20: PRIVADA | G20: CHAICA | H20: JULIO | I20: 2014 | J20: 0.70833333 | K20: E3 | L20: 41°36'22.59"S | M20: 72°38'43.20"O | N20: Actinopterygii | O20: Salmo trutta | P20: Trucha café | Q20: 2 | R20: 1. PESCA ELÉCTRICA | S20: 2 | T20: (IND/HORA) | U20: 0 | V20: NO | W20: NO | X20: Salmo trutta | Y20: Trucha café | Z20: 2 | AA20: 7.5 | AB20: 10 | AC20: 8.8 | AD20: 1.8 | AE20: 2 | AF20: 8.6 | AG20: 10 | AH20: 9.3 | AI20: 0.96
A21: R.EX N°767/2014 | B21: GAMAN LIMNO STUDIES LTDA. | C21: CENTRAL HIDROELECTRICA CHAICA | D21: INGENIUM CIVIL S.A | E21: =INDEX(Sheet1!$E$23:$E$34,MATCH(A21,Sheet1!$D$23:$D$34,0)) -> Gaman Limno Studies Ltda. (2014) Informe de resutados de pesca de investigación asociado al permiso SUBPESCA, R.EX N°767/2014. Proyecto: Estudio Línea base de tipo limnológico del proyecto hidroeléctrico Chaica en el río Lenca, comuna de Puerto Montt, X Región. Mandante: Ingenium Civil S.A | F21: PRIVADA | G21: CHAICA | H21: JULIO | I21: 2014 | J21: 0.35416667 | K21: E4 | L21: 41°36'29.23"S | M21: 72°39'9.66"O | N21: Actinopterygii | O21: Salmo salar | P21: Salmón del Atlántico | Q21: 1 | R21: 1. PESCA ELÉCTRICA | S21: 1 | T21: (IND/HORA) | U21: 0 | V21: NO | W21: NO | X21: Salmo salar | Y21: Salmón del Atlántico | Z21: 1 | AA21: 2.2 | AB21: 2.2 | AC21: 2.2 | AD21: - | AE21: 1 | AF21: 5.6 | AG21: 5.6 | AH21: 5.6 | AI21: -
A22: R.EX N°767/2014 | B22: GAMAN LIMNO STUDIES LTDA. | C22: CENTRAL HIDROELECTRICA CHAICA | D22: INGENIUM CIVIL S.A | E22: =INDEX(Sheet1!$E$23:$E$34,MATCH(A22,Sheet1!$D$23:$D$34,0)) -> Gaman Limno Studies Ltda. (2014) Informe de resutados de pesca de investigación asociado al permiso SUBPESCA, R.EX N°767/2014. Proyecto: Estudio Línea base de tipo limnológico del proyecto hidroeléctrico Chaica en el río Lenca, comuna de Puerto Montt, X Región. Mandante: Ingenium Civil S.A | F22: PRIVADA | G22: CHAICA | H22: JULIO | I22: 2014 | J22: 0.35416667 | K22: E4 | L22: 41°36'29.23"S | M22: 72°39'9.66"O | N22: Actinopterygii | O22: Salmo salar | P22: Salmón del Atlántico | Q22: 1 | R22: 2. ESPINEL | S22: 0.008 | T22: (IND/N°ANZ/HORA) | U22: 0 | V22: NO | W22: NO | X22: Salmo salar | Y22: Salmón del Atlántico | Z22: 1 | AA22: 320 | AB22: 320 | AC22: 320 | AD22: - | AE22: 1 | AF22: 29.5 | AG22: 29.5 | AH22: 29.5 | AI22: -
A23: R.EX N°767/2014 | B23: GAMAN LIMNO STUDIES LTDA. | C23: CENTRAL HIDROELECTRICA CHAICA | D23: INGENIUM CIVIL S.A | E23: =INDEX(Sheet1!$E$23:$E$34,MATCH(A23,Sheet1!$D$23:$D$34,0)) -> Gaman Limno Studies Ltda. (2014) Informe de resutados de pesca de investigación asociado al permiso SUBPESCA, R.EX N°767/2014. Proyecto: Estudio Línea base de tipo limnológico del proyecto hidroeléctrico Chaica en el río Lenca, comuna de Puerto Montt, X Región. Mandante: Ingenium Civil S.A | F23: PRIVADA | G23: CHAICA | H23: JULIO | I23: 2014 | J23: 0.35416667 | K23: E4 | L23: 41°36'29.23"S | M23: 72°39'9.66"O | N23: Actinopterygii | O23: Salmo trutta | P23: Trucha café | Q23: 1 | R23: 1. PESCA ELÉCTRICA | S23: 1 | T23: (IND/HORA) | U23: 0 | V23: NO | W23: NO | X23: Salmo trutta | Y23: Trucha café | Z23: 1 | AA23: 3.2 | AB23: 3.2 | AC23: 3.2 | AD23: - | AE23: 1 | AF23: 6.3 | AG23: 6.3 | AH23: 6.3 | AI23: -
A24: R.EX N°767/2014 | B24: GAMAN LIMNO STUDIES LTDA. | C24: CENTRAL HIDROELECTRICA CHAICA | D24: INGENIUM CIVIL S.A | E24: =INDEX(Sheet1!$E$23:$E$34,MATCH(A24,Sheet1!$D$23:$D$34,0)) -> Gaman Limno Studies Ltda. (2014) Informe de resutados de pesca de investigación asociado al permiso SUBPESCA, R.EX N°767/2014. Proyecto: Estudio Línea base de tipo limnológico del proyecto hidroeléctrico Chaica en el río Lenca, comuna de Puerto Montt, X Región. Mandante: Ingenium Civil S.A | F24: PRIVADA | G24: CHAICA | H24: JULIO | I24: 2014 | J24: 0.375 | K24: E5 | L24: 41°36'38.76"S | M24: 72°39'14.32"O | N24: Actinopterygii | O24: Galaxias maculatus | P24: Puye | Q24: 2 | R24: 1. PESCA ELÉCTRICA | S24: 2 | T24: (IND/HORA) | U24: 0 | V24: NO | W24: NO | X24: Galaxias maculatus | Y24: Puye | Z24: 2 | AA24: 1.8 | AB24: 2.5 | AC24: 2.2 | AD24: 0.49 | AE24: 2 | AF24: 7.1 | AG24: 7.8 | AH24: 7.5 | AI24: 0.49
A25: R.EX N°3232/2016 | B25: CLAUDIA VERDUGO CASTRO (ECOSISTEMA) | C25: PISCICULTURA DE RECIRCULACIÓN LAGO BALMACEDA, SEALAND AQUACULTURE S.A. RESPUESTA OBSERVACIÓN 1.2.8 ICSARA N°1 (064/2016) | D25: SEALAND AQUACULTURE S.A. | E25: =INDEX(Sheet1!$E$23:$E$34,MATCH(A25,Sheet1!$D$23:$D$34,0)) -> Claudia Verdugo Castro (Ecosistema) (2016) Informe de resutados de pesca de investigación asociado al permiso SUBPESCA, R.EX N°3232/2016. Proyecto: Piscicultura de recirculación lago Balmaceda, Sealand Aquaculture S.A.; respuesta observación 1.2.8 ICSARA n°1 (064/2016). Mandante: Sealand Aquaculture S.A. | F25: PRIVADA | G25: RÍO HOLLEMBERG | H25: JULIO | I25: 2017 | J25: - | K25: E4 | L25: 675275 | M25: 4246233 | N25: PECES | O25: Oncorhynchus tshawyttscha | P25: Salmón chinook | Q25: 1 | R25: PROSPECCIÓN VISUAL | S25: - | T25: - | U25: - | V25: - | W25: - | X25: Oncorhynchus tshawyttscha | Y25: Salmón chinook | Z25: - | AA25: - | AB25: - | AC25: - | AD25: - | AE25: - | AF25: - | AG25: - | AH25: - | AI25: -
A26: R. EX N°388/2018 | B26: ICNOVA ING CONSULTORES | C26: Diagnostico Hidrobiológico de Laguna Escondida y Laguna Barrosa - Declaración de Impacto Ambiental Almacenamiento de Agua de Interior Mina Javiera en Laguna Salitrosa, Comuna de Chile Chico, XII Región de Aysén | D26: Compañía Minera Cerro Bayo Ltda | E26: =INDEX(Sheet1!$E$23:$E$34,MATCH(A26,Sheet1!$D$23:$D$34,0)) -> Icnova Ing Consultores (2018) Informe de resutados de pesca de investigación asociado al permiso SUBPESCA, R. EX N°388/2018. Proyecto: Diagnostico hidrobiológico de laguna Escondida y laguna Barrosa - declaración de impacto ambiental almacenamiento de agua de interior Mina Javiera en laguna Salitrosa, comuna de Chile Chico, XII Región de Aysén. Mandante: Compañía Minera Cerro Bayo Ltda. | F26: PRIVADA | G26: Costeras entre Rio Jeinemeni y Rio San Jose | H26: FEBRERO | I26: 2018 | J26: - | K26: Laguna Barrosa | L26: 46°31'32.38''S | M26: 71°50'43.89''W | N26: PECES | O26: Odonthestes hatcheri | P26: Cauque patagonico | Q26: 35 | R26: Pesca eléctrica (SAMU) | S26: - | T26: - | U26: - | V26: - | W26: - | X26: Odonthestes hatcheri | Y26: Cauque patagonico | Z26: 35 | AA26: - | AB26: - | AC26: - | AD26: - | AE26: 35 | AF26: 9.3 | AG26: 15.5 | AH26: 11.9 | AI26: -
A27: R. EX N°388/2018 | B27: ICNOVA ING CONSULTORES | C27: Diagnostico Hidrobiológico de Laguna Escondida y Laguna Barrosa - Declaración de Impacto Ambiental Almacenamiento de Agua de Interior Mina Javiera en Laguna Salitrosa, Comuna de Chile Chico, XII Región de Aysén | D27: Compañía Minera Cerro Bayo Ltda | E27: =INDEX(Sheet1!$E$23:$E$34,MATCH(A27,Sheet1!$D$23:$D$34,0)) -> Icnova Ing Consultores (2018) Informe de resutados de pesca de investigación asociado al permiso SUBPESCA, R. EX N°388/2018. Proyecto: Diagnostico hidrobiológico de laguna Escondida y laguna Barrosa - declaración de impacto ambiental almacenamiento de agua de interior Mina Javiera en laguna Salitrosa, comuna de Chile Chico, XII Región de Aysén. Mandante: Compañía Minera Cerro Bayo Ltda. | F27: PRIVADA | G27: Costeras entre Rio Jeinemeni y Rio San Jose | H27: FEBRERO | I27: 2018 | J27: - | K27: Laguna Escondida | L27: 46°31'0.40''S | M27: 71°50'40.24''W | N27: PECES | O27: Odonthestes hatcheri | P27: Cauque patagonico | Q27: 14 | R27: Pesca eléctrica (SAMU) | S27: - | T27: - | U27: - | V27: - | W27: - | X27: Odonthestes hatcheri | Y27: Cauque patagonico | Z27: 14 | AA27: - | AB27: - | AC27: - | AD27: - | AE27: 14 | AF27: 7.6 | AG27: 11 | AH27: 10.3 | AI27: -
A28: R. EX N°838/2018 | B28: ICNOVA ING | C28: Proyecto de riego Magallanes, embalse río Porvenir | D28: Comisión Nacional de Riego | E28: =INDEX(Sheet1!$E$23:$E$34,MATCH(A28,Sheet1!$D$23:$D$34,0)) -> Icnova Ing (2018) Informe de resutados de pesca de investigación asociado al permiso SUBPESCA, R. EX N°838/2018. Proyecto: Caracterización limnológica asociado al proyecto de riego Magallanes, embalse río Porvenir, XII region de Magallanes y la Antártica Chilena. Mandante: Comisión Nacional de Riego. | F28: PUBLICA | G28: Tierra del Fuego | H28: ABRIL | I28: 2018 | J28: 0.6875 | K28: LI-02 | L28: -53.312391 | M28: -70.246618 | N28: PECES | O28: Galaxias platei | P28: Puye | Q28: 1 | R28: 1. PESCA ELÉCTRICA | S28: 2 | T28: (IND/HORA) | U28: - | V28: NO | W28: NO | X28: Galaxias platei | Y28: Puye | Z28: 1 | AA28: 10 | AB28: 10 | AC28: 10 | AD28: 0 | AE28: 1 | AF28: 8 | AG28: 8 | AH28: 8 | AI28: 0
A29: R. EX N°838/2018 | B29: ICNOVA ING | C29: Proyecto de riego Magallanes, embalse río Porvenir | D29: Comisión Nacional de Riego | E29: =INDEX(Sheet1!$E$23:$E$34,MATCH(A29,Sheet1!$D$23:$D$34,0)) -> Icnova Ing (2018) Informe de resutados de pesca de investigación asociado al permiso SUBPESCA, R. EX N°838/2018. Proyecto: Caracterización limnológica asociado al proyecto de riego Magallanes, embalse río Porvenir, XII region de Magallanes y la Antártica Chilena. Mandante: Comisión Nacional de Riego. | F29: PUBLICA | G29: Tierra del Fuego | H29: ABRIL | I29: 2018 | J29: 0.52083333 | K29: LI-03 | L29: -53.372786 | M29: -70.259158 | N29: PECES | O29: Galaxias platei | P29: Puye | Q29: 2 | R29: 1. PESCA ELÉCTRICA | S29: 4 | T29: (IND/HORA) | U29: - | V29: NO | W29: NO | X29: Galaxias platei | Y29: Puye | Z29: 2 | AA29: 0.5 | AB29: 0.8 | AC29: 0.65 | AD29: 0.21213203 | AE29: 2 | AF29: 7 | AG29: 7 | AH29: 7 | AI29: 0
A30: R. EX N°838/2018 | B30: ICNOVA ING | C30: Proyecto de riego Magallanes, embalse río Porvenir | D30: Comisión Nacional de Riego | E30: =INDEX(Sheet1!$E$23:$E$34,MATCH(A30,Sheet1!$D$23:$D$34,0)) -> Icnova Ing (2018) Informe de resutados de pesca de investigación asociado al permiso SUBPESCA, R. EX N°838/2018. Proyecto: Caracterización limnológica asociado al proyecto de riego Magallanes, embalse río Porvenir, XII region de Magallanes y la Antártica Chilena. Mandante: Comisión Nacional de Riego. | F30: PUBLICA | G30: Tierra del Fuego | H30: ABRIL | I30: 2018 | J30: 0.52083333 | K30: LI-03 | L30: -53.372786 | M30: -70.259158 | N30: PECES | O30: Onchorynchus mykiss | P30: Trucha arcoiris | Q30: 1 | R30: 1. PESCA ELÉCTRICA | S30: 2 | T30: (IND/HORA) | U30: - | V30: NO | W30: NO | X30: Onchorynchus mykiss | Y30: Trucha arcoiris | Z30: 1 | AA30: 20 | AB30: 20 | AC30: 20 | AD30: 0 | AE30: 1 | AF30: 15 | AG30: 15 | AH30: 15 | AI30: 0
A31: R.EX N°1628/2019 | B31: MARTINEZ AMBIENTAL LTDA | C31: MINA INVIERNO | D31: MINERA INVIERNO SA | E31: =INDEX(Sheet1!$E$23:$E$34,MATCH(A31,Sheet1!$D$23:$D$34,0)) -> Martinez Ambiental Ltda (2019) Informe de resutados de pesca de investigación asociado al permiso SUBPESCA, R.EX N°1628/2019. Proyecto: Plan de vigilancia ambiental, asociado al proyecto Mina Invierno, comuna de Río Verde, región de Magallanes y Antártica Chilena. Mandante: Minera Invierno Sa. | F31: PRIVADA | G31: ESTERO CHORRILLO INVIERNO N° 3 | H31: AGOSTO | I31: 2019 | J31: 9:00 - 16:00 HRS | K31: CH-5 | L31: 319773 | M31: 4139516 | N31: Galaxiidae | O31: Galaxias Maculatus | P31: Puye Chico | Q31: 4 | R31: 1. PESCA ELÉCTRICA | S31: 2 | T31: (IND/HORA) | U31: 0 | V31: NO | X31: Galaxias Maculatus | Y31: Puye Chico | Z31: 4 | AE31: 4
A32: R.EX N°1628/2019 | B32: MARTINEZ AMBIENTAL LTDA | C32: MINA INVIERNO | D32: MINERA INVIERNO SA | E32: =INDEX(Sheet1!$E$23:$E$34,MATCH(A32,Sheet1!$D$23:$D$34,0)) -> Martinez Ambiental Ltda (2019) Informe de resutados de pesca de investigación asociado al permiso SUBPESCA, R.EX N°1628/2019. Proyecto: Plan de vigilancia ambiental, asociado al proyecto Mina Invierno, comuna de Río Verde, región de Magallanes y Antártica Chilena. Mandante: Minera Invierno Sa. | F32: PRIVADA | G32: ESTERO CHORRILLO INVIERNO N° 3 | H32: AGOSTO | I32: 2019 | J32: 9:00 - 16:00 HRS | K32: CH-6 | L32: 319742 | M32: 4138844 | N32: Galaxiidae | O32: Galaxias Maculatus | P32: Puye Chico | Q32: 2 | R32: 1. PESCA ELÉCTRICA | S32: 1 | T32: (IND/HORA) | U32: 0 | V32: NO | W32: NO | X32: Galaxias Maculatus | Y32: Puye Chico | Z32: 2 | AE32: 2
A33: R.EX N°1628/2019 | B33: MARTINEZ AMBIENTAL LTDA | C33: MINA INVIERNO | D33: MINERA INVIERNO SA | E33: =INDEX(Sheet1!$E$23:$E$34,MATCH(A33,Sheet1!$D$23:$D$34,0)) -> Martinez Ambiental Ltda (2019) Informe de resutados de pesca de investigación asociado al permiso SUBPESCA, R.EX N°1628/2019. Proyecto: Plan de vigilancia ambiental, asociado al proyecto Mina Invierno, comuna de Río Verde, región de Magallanes y Antártica Chilena. Mandante: Minera Invierno Sa. | F33: PRIVADA | G33: ESTERO CHORRILLO INVIERNO N° 3 | H33: AGOSTO | I33: 2019 | J33: 9:00 - 16:00 HRS | K33: CH-6 | L33: 319742 | M33: 4138844 | N33: Salmonidae | O33: Salmo trutta | P33: Trucha Café | Q33: 2 | R33: 1. PESCA ELÉCTRICA | S33: 1 | T33: (IND/HORA) | U33: 0 | V33: NO | W33: NO | X33: Salmo trutta | Y33: Trucha Café | Z33: 2 | AE33: 2
A34: R.EX N°1628/2019 | B34: MARTINEZ AMBIENTAL LTDA | C34: MINA INVIERNO | D34: MINERA INVIERNO SA | E34: =INDEX(Sheet1!$E$23:$E$34,MATCH(A34,Sheet1!$D$23:$D$34,0)) -> Martinez Ambiental Ltda (2019) Informe de resutados de pesca de investigación asociado al permiso SUBPESCA, R.EX N°1628/2019. Proyecto: Plan de vigilancia ambiental, asociado al proyecto Mina Invierno, comuna de Río Verde, región de Magallanes y Antártica Chilena. Mandante: Minera Invierno Sa. | F34: PRIVADA | G34: ESTERO CHORRILLO INVIERNO N° 3 | H34: AGOSTO | I34: 2019 | J34: 9:00 - 16:00 HRS | K34: CH-8 | L34: 322207 | M34: 4135138 | N34: Salmonidae | O34: Salmo trutta | P34: Trucha Café | Q34: 1 | R34: 1. PESCA ELÉCTRICA | S34: 0.5 | T34: (IND/HORA) | U34: 0 | V34: NO | W34: NO | X34: Salmo trutta | Y34: Trucha Café | Z34: 1 | AE34: 1
A35: R.EX N°1628/2019 | B35: MARTINEZ AMBIENTAL LTDA | C35: MINA INVIERNO | D35: MINERA INVIERNO SA | E35: =INDEX(Sheet1!$E$23:$E$34,MATCH(A35,Sheet1!$D$23:$D$34,0)) -> Martinez Ambiental Ltda (2019) Informe de resutados de pesca de investigación asociado al permiso SUBPESCA, R.EX N°1628/2019. Proyecto: Plan de vigilancia ambiental, asociado al proyecto Mina Invierno, comuna de Río Verde, región de Magallanes y Antártica Chilena. Mandante: Minera Invierno Sa. | F35: PRIVADA | G35: ESTERO CHORRILLO INVIERNO N° 3 | H35: NOVIEMBRE | I35: 2019 | J35: 9:00 - 16:00 HRS | K35: CH-5 | L35: 319773 | M35: 4139516 | N35: Galaxiidae | O35: Galaxias Maculatus | P35: Puye Chico | Q35: 7 | R35: 1. PESCA ELÉCTRICA | S35: 3.5 | T35: (IND/HORA) | U35: 0 | V35: NO | W35: NO | X35: Galaxias Maculatus | Y35: Puye Chico | Z35: 7 | AE35: 7
A36: R.EX N°1628/2019 | B36: MARTINEZ AMBIENTAL LTDA | C36: MINA INVIERNO | D36: MINERA INVIERNO SA | E36: =INDEX(Sheet1!$E$23:$E$34,MATCH(A36,Sheet1!$D$23:$D$34,0)) -> Martinez Ambiental Ltda (2019) Informe de resutados de pesca de investigación asociado al permiso SUBPESCA, R.EX N°1628/2019. Proyecto: Plan de vigilancia ambiental, asociado al proyecto Mina Invierno, comuna de Río Verde, región de Magallanes y Antártica Chilena. Mandante: Minera Invierno Sa. | F36: PRIVADA | G36: ESTERO CHORRILLO INVIERNO N° 3 | H36: NOVIEMBRE | I36: 2019 | J36: 9:00 - 16:00 HRS | K36: CH-6 | L36: 319742 | M36: 4138844 | N36: Salmonidae | O36: Salmo trutta | P36: Trucha Café | Q36: 3 | R36: 1. PESCA ELÉCTRICA | S36: 1.5 | T36: (IND/HORA) | U36: 0 | V36: NO | W36: NO | X36: Salmo trutta | Y36: Trucha Café | Z36: 3 | AE36: 3
A37: R.EX N°1628/2019 | B37: MARTINEZ AMBIENTAL LTDA | C37: MINA INVIERNO | D37: MINERA INVIERNO SA | E37: =INDEX(Sheet1!$E$23:$E$34,MATCH(A37,Sheet1!$D$23:$D$34,0)) -> Martinez Ambiental Ltda (2019) Informe de resutados de pesca de investigación asociado al permiso SUBPESCA, R.EX N°1628/2019. Proyecto: Plan de vigilancia ambiental, asociado al proyecto Mina Invierno, comuna de Río Verde, región de Magallanes y Antártica Chilena. Mandante: Minera Invierno Sa. | F37: PRIVADA | G37: ESTERO CHORRILLO INVIERNO N° 3 | H37: NOVIEMBRE | I37: 2019 | J37: 9:00 - 16:00 HRS | K37: CH-7 | L37: 320743 | M37: 4136965 | N37: Salmonidae | O37: Salmo trutta | P37: Trucha Café | Q37: 2 | R37: 1. PESCA ELÉCTRICA | S37: 1 | T37: (IND/HORA) | U37: 0 | V37: NO | W37: NO | X37: Salmo trutta | Y37: Trucha Café | Z37: 2 | AE37: 2
A38: R.EX N°1628/2019 | B38: MARTINEZ AMBIENTAL LTDA | C38: MINA INVIERNO | D38: MINERA INVIERNO SA | E38: =INDEX(Sheet1!$E$23:$E$34,MATCH(A38,Sheet1!$D$23:$D$34,0)) -> Martinez Ambiental Ltda (2019) Informe de resutados de pesca de investigación asociado al permiso SUBPESCA, R.EX N°1628/2019. Proyecto: Plan de vigilancia ambiental, asociado al proyecto Mina Invierno, comuna de Río Verde, región de Magallanes y Antártica Chilena. Mandante: Minera Invierno Sa. | F38: PRIVADA | G38: ESTERO CHORRILLO INVIERNO N° 3 | H38: FEBRERO | I38: 2020 | J38: 9:00 - 16:00 HRS | K38: CH-5 | L38: 319773 | M38: 4139516 | N38: Salmonidae | O38: Salmo trutta | P38: Trucha Café | Q38: 11 | R38: 1. PESCA ELÉCTRICA | S38: 5.5 | T38: (IND/HORA) | U38: 2 | V38: NO | W38: NO | X38: Salmo trutta | Y38: Trucha Café | Z38: 11 | AE38: 11
A39: R.EX N°1628/2019 | B39: MARTINEZ AMBIENTAL LTDA | C39: MINA INVIERNO | D39: MINERA INVIERNO SA | E39: =INDEX(Sheet1!$E$23:$E$34,MATCH(A39,Sheet1!$D$23:$D$34,0)) -> Martinez Ambiental Ltda (2019) Informe de resutados de pesca de investigación asociado al permiso SUBPESCA, R.EX N°1628/2019. Proyecto: Plan de vigilancia ambiental, asociado al proyecto Mina Invierno, comuna de Río Verde, región de Magallanes y Antártica Chilena. Mandante: Minera Invierno Sa. | F39: PRIVADA | G39: ESTERO CHORRILLO INVIERNO N° 3 | H39: FEBRERO | I39: 2020 | J39: 9:00 - 16:00 HRS | K39: CH-5 | L39: 319773 | M39: 4139516 | N39: Galaxiidae | O39: Galaxias Maculatus | P39: Puye Chico | Q39: 1 | R39: 1. PESCA ELÉCTRICA | S39: 0.5 | T39: (IND/HORA) | U39: 0 | V39: NO | W39: NO | X39: Galaxias Maculatus | Y39: Puye Chico | Z39: 1 | AE39: 1
A40: R.EX N°1628/2019 | B40: MARTINEZ AMBIENTAL LTDA | C40: MINA INVIERNO | D40: MINERA INVIERNO SA | E40: =INDEX(Sheet1!$E$23:$E$34,MATCH(A40,Sheet1!$D$23:$D$34,0)) -> Martinez Ambiental Ltda (2019) Informe de resutados de pesca de investigación asociado al permiso SUBPESCA, R.EX N°1628/2019. Proyecto: Plan de vigilancia ambiental, asociado al proyecto Mina Invierno, comuna de Río Verde, región de Magallanes y Antártica Chilena. Mandante: Minera Invierno Sa. | F40: PRIVADA | G40: ESTERO CHORRILLO INVIERNO N° 3 | H40: FEBRERO | I40: 2020 | J40: 9:00 - 16:00 HRS | K40: CH-6 | L40: 319742 | M40: 4138844 | N40: Salmonidae | O40: Salmo trutta | P40: Trucha Café | Q40: 8 | R40: 1. PESCA ELÉCTRICA | S40: 4 | T40: (IND/HORA) | U40: 1 | V40: NO | W40: NO | X40: Salmo trutta | Y40: Trucha Café | Z40: 8 | AE40: 8
A41: R.EX N°1628/2019 | B41: MARTINEZ AMBIENTAL LTDA | C41: MINA INVIERNO | D41: MINERA INVIERNO SA | E41: =INDEX(Sheet1!$E$23:$E$34,MATCH(A41,Sheet1!$D$23:$D$34,0)) -> Martinez Ambiental Ltda (2019) Informe de resutados de pesca de investigación asociado al permiso SUBPESCA, R.EX N°1628/2019. Proyecto: Plan de vigilancia ambiental, asociado al proyecto Mina Invierno, comuna de Río Verde, región de Magallanes y Antártica Chilena. Mandante: Minera Invierno Sa. | F41: PRIVADA | G41: ESTERO CHORRILLO INVIERNO N° 3 | H41: FEBRERO | I41: 2020 | J41: 9:00 - 16:00 HRS | K41: CH-7 | L41: 320743 | M41: 4136965 | N41: Salmonidae | O41: Salmo trutta | P41: Trucha Café | Q41: 4 | R41: 1. PESCA ELÉCTRICA | S41: 2 | T41: (IND/HORA) | U41: 0 | V41: NO | W41: NO | X41: Salmo trutta | Y41: Trucha Café | Z41: 4 | AE41: 4
A42: R.EX N°1628/2019 | B42: MARTINEZ AMBIENTAL LTDA | C42: MINA INVIERNO | D42: MINERA INVIERNO SA | E42: =INDEX(Sheet1!$E$23:$E$34,MATCH(A42,Sheet1!$D$23:$D$34,0)) -> Martinez Ambiental Ltda (2019) Informe de resutados de pesca de investigación asociado al permiso SUBPESCA, R.EX N°1628/2019. Proyecto: Plan de vigilancia ambiental, asociado al proyecto Mina Invierno, comuna de Río Verde, región de Magallanes y Antártica Chilena. Mandante: Minera Invierno Sa. | F42: PRIVADA | G42: ESTERO CHORRILLO INVIERNO N° 3 | H42: FEBRERO | I42: 2020 | J42: 9:00 - 16:00 HRS | K42: CH-8 | L42: 322207 | M42: 4135138 | N42: Salmonidae | O42: Salmo trutta | P42: Trucha Café | Q42: 2 | R42: 1. PESCA ELÉCTRICA | S42: 1 | T42: (IND/HORA) | U42: 0 | V42: NO | W42: NO | X42: Salmo trutta | Y42: Trucha Café | Z42: 2 | AE42: 2
A43: R.EX N°1628/2019 | B43: MARTINEZ AMBIENTAL LTDA | C43: MINA INVIERNO | D43: MINERA INVIERNO SA | E43: =INDEX(Sheet1!$E$23:$E$34,MATCH(A43,Sheet1!$D$23:$D$34,0)) -> Martinez Ambiental Ltda (2019) Informe de resutados de pesca de investigación asociado al permiso SUBPESCA, R.EX N°1628/2019. Proyecto: Plan de vigilancia ambiental, asociado al proyecto Mina Invierno, comuna de Río Verde, región de Magallanes y Antártica Chilena. Mandante: Minera Invierno Sa. | F43: PRIVADA | G43: ESTERO CHORRILLO INVIERNO N° 2 | H43: JUNIO | I43: 2020 | J43: 9:00 - 16:00 HRS | K43: CH-14 | L43: 324779 | M43: 4137032 | N43: Salmonidae | O43: Salmo trutta | P43: Trucha Café | Q43: 6 | R43: 1. PESCA ELÉCTRICA | S43: 3 | T43: (IND/HORA) | U43: 0 | V43: NO | W43: NO | X43: Salmo trutta | Y43: Trucha Café | Z43: 6 | AE43: 6
... A52: R.EX N°1628/2019 | B52: MARTINEZ AMBIENTAL LTDA | C52: MINA INVIERNO | D52: MINERA INVIERNO SA | E52: =INDEX(Sheet1!$E$23:$E$34,MATCH(A52,Sheet1!$D$23:$D$34,0)) -> Martinez Ambiental Ltda (2019) Informe de resutados de pesca de investigación asociado al permiso SUBPESCA, R.EX N°1628/2019. Proyecto: Plan de vigilancia ambiental, asociado al proyecto Mina Invierno, comuna de Río Verde, región de Magallanes y Antártica Chilena. Mandante: Minera Invierno Sa. | F52: PRIVADA | G52: ESTERO CHORRILLO INVIERNO N° 2 | H52: OCTUBRE | I52: 2021 | J52: 9:00 - 16:00 HRS | K52: CH-14 | L52: 324779 | M52: 4137032 | N52: Salmonidae | O52: Salmo trutta | P52: Trucha Café | Q52: 6 | R52: 1. PESCA ELÉCTRICA | S52: 3 | T52: (IND/HORA) | U52: 0 | V52: NO | W52: NO | X52: Salmo trutta | Y52: Trucha Café | Z52: 6 | AE52: 6
A53: R. EX N°65/2020 | B53: Claudia Verdugo Castro | C53: Monitoreo Limnológico Proyecto Refundición de RCA's Amplición y Cambio Operacional, Río Petrohué, comuna de Puerto Varas, Región de Los Lagos | D53: Salmones Camanchaca S.A. | E53: =INDEX(Sheet1!$E$23:$E$34,MATCH(A53,Sheet1!$D$23:$D$34,0)) -> Claudia Verdugo Castro (2020) Informe de resutados de pesca de investigación asociado al permiso SUBPESCA, R. EX N°65/2020. Proyecto: Monitoreo limnológico proyecto refundición de RCA's Amplición y cambio operacional, río Petrohué, comuna de Puerto Varas, región de Los Lagos. Mandante: Salmones Camanchaca S.A. | F53: PRIVADA | G53: Cuencas e islas entre Río Bueno y Río Puelo | H53: MARZO | I53: 2020 | J53: 0.45833333 | K53: E1 | L53: -41.227578 | M53: -72.470209 | N53: peces | O53: Trichomycterus areolatus | P53: Bagrecitro | Q53: 6 | R53: 1. PESCA ELÉCTRICA | S53: 12 | T53: (IND/HORA) | U53: 0 | V53: NO | W53: NO | X53: Trichomycterus areolatus | Y53: Bagrecitro | Z53: 6 | AA53: 1.7 | AB53: 6.5 | AC53: 4.2 | AD53: 2.3 | AE53: 6 | AF53: 7 | AG53: 10 | AH53: 8.6 | AI53: 1.7
A54: R. EX N°65/2020 | B54: Claudia Verdugo Castro | C54: Monitoreo Limnológico Proyecto Refundición de RCA's Amplición y Cambio Operacional, Río Petrohué, comuna de Puerto Varas, Región de Los Lagos | D54: Salmones Camanchaca S.A. | E54: =INDEX(Sheet1!$E$23:$E$34,MATCH(A54,Sheet1!$D$23:$D$34,0)) -> Claudia Verdugo Castro (2020) Informe de resutados de pesca de investigación asociado al permiso SUBPESCA, R. EX N°65/2020. Proyecto: Monitoreo limnológico proyecto refundición de RCA's Amplición y cambio operacional, río Petrohué, comuna de Puerto Varas, región de Los Lagos. Mandante: Salmones Camanchaca S.A. | F54: PRIVADA | G54: Cuencas e islas entre Río Bueno y Río Puelo | H54: MARZO | I54: 2020 | J54: 0.45833333 | K54: E1 | L54: -41.227578 | M54: -72.470209 | N54: peces | O54: Salmo trutta | P54: treucha arcoíris | Q54: 2 | R54: 1. PESCA ELÉCTRICA | S54: 4 | T54: (IND/HORA) | U54: 0 | V54: NO | W54: NO | X54: Salmo trutta | Y54: treucha arcoíris | Z54: 2 | AA54: 11.2 | AB54: 12 | AC54: 11.6 | AD54: 0.6 | AE54: 2 | AF54: 11 | AG54: 1.5 | AH54: 11.3 | AI54: 0.4
A55: R. EX N°65/2020 | B55: Claudia Verdugo Castro | C55: Monitoreo Limnológico Proyecto Refundición de RCA's Amplición y Cambio Operacional, Río Petrohué, comuna de Puerto Varas, Región de Los Lagos | D55: Salmones Camanchaca S.A. | E55: =INDEX(Sheet1!$E$23:$E$34,MATCH(A55,Sheet1!$D$23:$D$34,0)) -> Claudia Verdugo Castro (2020) Informe de resutados de pesca de investigación asociado al permiso SUBPESCA, R. EX N°65/2020. Proyecto: Monitoreo limnológico proyecto refundición de RCA's Amplición y cambio operacional, río Petrohué, comuna de Puerto Varas, región de Los Lagos. Mandante: Salmones Camanchaca S.A. | F55: PRIVADA | G55: Cuencas e islas entre Río Bueno y Río Puelo | H55: MARZO | I55: 2020 | J55: 0.5 | K55: E2 | L55: -41.228303 | M55: -72.469167 | N55: peces | O55: Trichomycterus areolatus | P55: Bagrecitro | Q55: 2 | R55: 1. PESCA ELÉCTRICA | S55: 4 | T55: (IND/HORA) | U55: 0 | V55: NO | W55: NO | X55: Trichomycterus areolatus | Y55: Bagrecitro | Z55: 2 | AA55: 1.5 | AB55: 1.5 | AC55: 1.5 | AD55: 0 | AE55: 2 | AF55: 6 | AG55: 6 | AH55: 6 | AI55: 0
A56: R. EX N°65/2020 | B56: Claudia Verdugo Castro | C56: Monitoreo Limnológico Proyecto Refundición de RCA's Amplición y Cambio Operacional, Río Petrohué, comuna de Puerto Varas, Región de Los Lagos | D56: Salmones Camanchaca S.A. | E56: =INDEX(Sheet1!$E$23:$E$34,MATCH(A56,Sheet1!$D$23:$D$34,0)) -> Claudia Verdugo Castro (2020) Informe de resutados de pesca de investigación asociado al permiso SUBPESCA, R. EX N°65/2020. Proyecto: Monitoreo limnológico proyecto refundición de RCA's Amplición y cambio operacional, río Petrohué, comuna de Puerto Varas, región de Los Lagos. Mandante: Salmones Camanchaca S.A. | F56: PRIVADA | G56: Cuencas e islas entre Río Bueno y Río Puelo | H56: MARZO | I56: 2020 | J56: 13:00 p.m | K56: E3 | L56: -41.230399 | M56: -72.467022 | N56: peces | O56: Trichomycterus areolatus | P56: bagrecito | Q56: 2 | R56: 1. PESCA ELÉCTRICA | S56: 4 | T56: (IND/HORA) | U56: 0 | V56: NO | W56: NO | X56: Trichomycterus areolatus | Y56: bagrecito | Z56: 2 | AA56: 0.8 | AB56: 0.8 | AC56: 0.8 | AD56: 0 | AE56: 2 | AF56: 4.5 | AG56: 4.5 | AH56: 4.5 | AI56: 0
A57: R. EX N°65/2020 | B57: Claudia Verdugo Castro | C57: Monitoreo Limnológico Proyecto Refundición de RCA's Amplición y Cambio Operacional, Río Petrohué, comuna de Puerto Varas, Región de Los Lagos | D57: Salmones Camanchaca S.A. | E57: =INDEX(Sheet1!$E$23:$E$34,MATCH(A57,Sheet1!$D$23:$D$34,0)) -> Claudia Verdugo Castro (2020) Informe de resutados de pesca de investigación asociado al permiso SUBPESCA, R. EX N°65/2020. Proyecto: Monitoreo limnológico proyecto refundición de RCA's Amplición y cambio operacional, río Petrohué, comuna de Puerto Varas, región de Los Lagos. Mandante: Salmones Camanchaca S.A. | F57: PRIVADA | G57: Cuencas e islas entre Río Bueno y Río Puelo | H57: MARZO | I57: 2020 | J57: 16:00 p.m | K57: E6 | L57: -41.231634 | M57: -72.465423 | N57: peces | O57: Galaxias platei | P57: Puye | Q57: 2 | R57: 1. PESCA ELÉCTRICA | S57: 4 | T57: (IND/HORA) | U57: 0 | V57: NO | W57: NO | X57: Galaxias platei | Y57: Puye | Z57: 2 | AA57: 2.7 | AB57: 2.7 | AC57: 2.7 | AD57: 0 | AE57: 2 | AF57: 7 | AG57: 7 | AH57: 7 | AI57: 0
A58: R. EX N°65/2020 | B58: Claudia Verdugo Castro | C58: Monitoreo Limnológico Proyecto Refundición de RCA's Amplición y Cambio Operacional, Río Petrohué, comuna de Puerto Varas, Región de Los Lagos | D58: Salmones Camanchaca S.A. | E58: =INDEX(Sheet1!$E$23:$E$34,MATCH(A58,Sheet1!$D$23:$D$34,0)) -> Claudia Verdugo Castro (2020) Informe de resutados de pesca de investigación asociado al permiso SUBPESCA, R. EX N°65/2020. Proyecto: Monitoreo limnológico proyecto refundición de RCA's Amplición y cambio operacional, río Petrohué, comuna de Puerto Varas, región de Los Lagos. Mandante: Salmones Camanchaca S.A. | F58: PRIVADA | G58: Cuencas e islas entre Río Bueno y Río Puelo | H58: MARZO | I58: 2020 | J58: 16:00 p.m | K58: E6 | L58: -41.231634 | M58: -72.465423 | N58: peces | O58: Trichomycterus areolatus | P58: bagrecito | Q58: 2 | R58: 1. PESCA ELÉCTRICA | S58: 4 | T58: (IND/HORA) | U58: 0 | V58: NO | W58: NO | X58: Trichomycterus areolatus | Y58: bagrecito | Z58: 2 | AA58: 3 | AB58: 3.1 | AC58: 3.1 | AD58: 0.1 | AE58: 2 | AF58: 8 | AG58: 8.1 | AH58: 8.1 | AI58: 0.1
A59: R. EX N°65/2020 | B59: Claudia Verdugo Castro | C59: Monitoreo Limnológico Proyecto Refundición de RCA's Amplición y Cambio Operacional, Río Petrohué, comuna de Puerto Varas, Región de Los Lagos | D59: Salmones Camanchaca S.A. | E59: =INDEX(Sheet1!$E$23:$E$34,MATCH(A59,Sheet1!$D$23:$D$34,0)) -> Claudia Verdugo Castro (2020) Informe de resutados de pesca de investigación asociado al permiso SUBPESCA, R. EX N°65/2020. Proyecto: Monitoreo limnológico proyecto refundición de RCA's Amplición y cambio operacional, río Petrohué, comuna de Puerto Varas, región de Los Lagos. Mandante: Salmones Camanchaca S.A. | F59: PRIVADA | G59: Cuencas e islas entre Río Bueno y Río Puelo | H59: MARZO | I59: 2020 | J59: 16:00 p.m | K59: E6 | L59: -41.231634 | M59: -72.465423 | N59: peces | O59: Geotria australis | P59: Laprea de Bolsa | Q59: 6 | R59: 1. PESCA ELÉCTRICA | S59: 12 | T59: (IND/HORA) | U59: 0 | V59: NO | W59: NO | X59: Geotria australis | Y59: Laprea de Bolsa | Z59: 6 | AA59: 1.5 | AB59: 0.8 | AC59: 1.2 | AD59: 0.3 | AE59: 6 | AF59: 8 | AG59: 10.5 | AH59: 9.6 | AI59: 1.1
A60: R. EX N°65/2020 | B60: Claudia Verdugo Castro | C60: Monitoreo Limnológico Proyecto Refundición de RCA's Amplición y Cambio Operacional, Río Petrohué, comuna de Puerto Varas, Región de Los Lagos | D60: Salmones Camanchaca S.A. | E60: =INDEX(Sheet1!$E$23:$E$34,MATCH(A60,Sheet1!$D$23:$D$34,0)) -> Claudia Verdugo Castro (2020) Informe de resutados de pesca de investigación asociado al permiso SUBPESCA, R. EX N°65/2020. Proyecto: Monitoreo limnológico proyecto refundición de RCA's Amplición y cambio operacional, río Petrohué, comuna de Puerto Varas, región de Los Lagos. Mandante: Salmones Camanchaca S.A. | F60: PRIVADA | G60: Cuencas e islas entre Río Bueno y Río Puelo | H60: MARZO | I60: 2020 | J60: 16:00 p.m | K60: E6 | L60: -41.231634 | M60: -72.465423 | N60: peces | O60: Oncorhynchus mykiss | P60: Trucha Arcoíris | Q60: 2 | R60: 1. PESCA ELÉCTRICA | S60: 4 | T60: (IND/HORA) | U60: 0 | V60: NO | W60: NO | X60: Oncorhynchus mykiss | Y60: Trucha Arcoíris | Z60: 2 | AA60: 1000 | AB60: 1200 | AC60: 1100 | AD60: 141.4 | AE60: 2 | AF60: 45 | AG60: 50 | AH60: 47.5 | AI60: 3.5
A61: R. EX N°65/2020 | B61: Claudia Verdugo Castro | C61: Monitoreo Limnológico Proyecto Refundición de RCA's Amplición y Cambio Operacional, Río Petrohué, comuna de Puerto Varas, Región de Los Lagos | D61: Salmones Camanchaca S.A. | E61: =INDEX(Sheet1!$E$23:$E$34,MATCH(A61,Sheet1!$D$23:$D$34,0)) -> Claudia Verdugo Castro (2020) Informe de resutados de pesca de investigación asociado al permiso SUBPESCA, R. EX N°65/2020. Proyecto: Monitoreo limnológico proyecto refundición de RCA's Amplición y cambio operacional, río Petrohué, comuna de Puerto Varas, región de Los Lagos. Mandante: Salmones Camanchaca S.A. | F61: PRIVADA | G61: Cuencas e islas entre Río Bueno y Río Puelo | H61: MARZO | I61: 2020 | J61: 16:00 p.m | K61: E6 | L61: -41.231634 | M61: -72.465423 | N61: peces | O61: Oncorhynchus kisutch | P61: Salmón coho | Q61: 1 | R61: 1. PESCA ELÉCTRICA | S61: 2 | T61: (IND/HORA) | U61: 0 | V61: NO | W61: NO | X61: Oncorhynchus kisutch | Y61: Salmón coho | Z61: 1 | AA61: 500 | AB61: 500 | AC61: 500 | AD61: 0 | AE61: 1 | AF61: 34 | AG61: 34 | AH61: 34 | AI61: 0
A62: R. EX. N° E-2020-607 | B62: CLAUDIA VERDUGO CASTRO | C62: Línea base limnológica Río Trainel cercano a la Piscicultura Trainel, Región de Los Lagos | D62: Piscicultura Trainel | E62: =INDEX(Sheet1!$E$23:$E$34,MATCH(A62,Sheet1!$D$23:$D$34,0)) -> Claudia Verdugo Castro (2020) Informe de resutados de pesca de investigación asociado al permiso SUBPESCA, R. EX. N° E-2020-607 . Proyecto: Línea base limnológica Río Trainel cercano a la Piscicultura Trainel, región de Los Lagos. Mandante: Piscicultura Trainel. | F62: Privada | G62: a Isla Chiloé y la Sub Sub Cuenca Costera Vertiente Oeste entre río Cucao y río Medina | H62: ENERO | I62: 2021 | J62: 0.45833333 | K62: EST 2 | L62: -42.662253 | M62: -73.889887 | N62: Peces | O62: Galaxias maculatus | P62: Puye | Q62: 180 | R62: 1. PESCA ELÉCTRICA | S62: 360 | T62: (IND/HORA) | U62: 0 | V62: NO | W62: NO | X62: Galaxias maculatus | Y62: Puye | Z62: 180 | AA62: 0.6 | AB62: 1.9 | AC62: 1.7 | AD62: 0.5 | AE62: 180 | AF62: 5 | AG62: 7 | AH62: 6.6 | AI62: 0.7
A63: R. EX. N° E-2020-607 | B63: CLAUDIA VERDUGO CASTRO | C63: Línea base limnológica Río Trainel cercano a la Piscicultura Trainel, Región de Los Lagos | D63: Piscicultura Trainel | E63: =INDEX(Sheet1!$E$23:$E$34,MATCH(A63,Sheet1!$D$23:$D$34,0)) -> Claudia Verdugo Castro (2020) Informe de resutados de pesca de investigación asociado al permiso SUBPESCA, R. EX. N° E-2020-607 . Proyecto: Línea base limnológica Río Trainel cercano a la Piscicultura Trainel, región de Los Lagos. Mandante: Piscicultura Trainel. | F63: Privada | G63: a Isla Chiloé y la Sub Sub Cuenca Costera Vertiente Oeste entre río Cucao y río Medina | H63: ENERO | I63: 2021 | J63: 0.45833333 | K63: EST 2 | L63: -42.662253 | M63: -73.889887 | N63: Peces | O63: Salmo trutta | P63: trucha café | Q63: 1 | R63: 1. PESCA ELÉCTRICA | S63: 2 | T63: (IND/HORA) | U63: 0 | V63: NO | W63: NO | X63: Salmo trutta | Y63: trucha café | Z63: 1 | AB63: 1.5 | AC63: 1.5 | AD63: 0 | AE63: 1 | AG63: 5 | AH63: 5 | AI63: 0
A64: R. EX. N° E-2020-607 | B64: CLAUDIA VERDUGO CASTRO | C64: Línea base limnológica Río Trainel cercano a la Piscicultura Trainel, Región de Los Lagos | D64: Piscicultura Trainel | E64: =INDEX(Sheet1!$E$23:$E$34,MATCH(A64,Sheet1!$D$23:$D$34,0)) -> Claudia Verdugo Castro (2020) Informe de resutados de pesca de investigación asociado al permiso SUBPESCA, R. EX. N° E-2020-607 . Proyecto: Línea base limnológica Río Trainel cercano a la Piscicultura Trainel, región de Los Lagos. Mandante: Piscicultura Trainel. | F64: PRIVADA | G64: a Isla Chiloé y la Sub Sub Cuenca Costera Vertiente Oeste entre río Cucao y río Medina | H64: ENERO | I64: 2021 | J64: 0.54166667 | K64: EST 3 | L64: -42.662587 | M64: -73.890869 | N64: Peces | O64: Galaxias maculatus | P64: Puye | Q64: 50 | R64: 1. PESCA ELÉCTRICA | S64: 100 | T64: (IND/HORA) | U64: 0 | V64: NO | W64: NO | X64: Galaxias maculatus | Y64: Puye | Z64: 50 | AA64: 0.4 | AB64: 1.8 | AC64: 1.6 | AD64: 0.5 | AE64: 50 | AF64: 4 | AG64: 6 | AH64: 5.6 | AI64: 0.7
A65: R. EX. N° E-2020-607 | B65: CLAUDIA VERDUGO CASTRO | C65: Línea base limnológica Río Trainel cercano a la Piscicultura Trainel, Región de Los Lagos | D65: Piscicultura Trainel | E65: =INDEX(Sheet1!$E$23:$E$34,MATCH(A65,Sheet1!$D$23:$D$34,0)) -> Claudia Verdugo Castro (2020) Informe de resutados de pesca de investigación asociado al permiso SUBPESCA, R. EX. N° E-2020-607 . Proyecto: Línea base limnológica Río Trainel cercano a la Piscicultura Trainel, región de Los Lagos. Mandante: Piscicultura Trainel. | F65: PRIVADA | G65: a Isla Chiloé y la Sub Sub Cuenca Costera Vertiente Oeste entre río Cucao y río Medina | H65: ENERO | I65: 2021 | J65: 0.54166667 | K65: EST 3 | L65: -42.662587 | M65: -73.890869 | N65: Peces | O65: Salmo trutta | P65: trucha café | Q65: 1 | R65: 1. PESCA ELÉCTRICA | S65: 2 | T65: (IND/HORA) | U65: 0 | V65: NO | W65: NO | X65: Salmo trutta | Y65: trucha café | Z65: 1 | AB65: 1.2 | AC65: 1.2 | AD65: 0 | AE65: 1 | AG65: 4 | AH65: 4 | AI65: 0
A66: R. EX N°E-2021-074 | B66: Jaime Illanes y Asociados Consultores S.A. | C66: Caracterización ecosistemas acuáticos continentales asociados al proyecto modificación piscicultura los Tilcos, Río Chico región de los Lagos | D66: Jaime Illanes y Asociados Consultores S.A. | E66: =INDEX(Sheet1!$E$23:$E$34,MATCH(A66,Sheet1!$D$23:$D$34,0)) -> Jaime Illanes y Asociados Consultores S.A. (2021) Informe de resutados de pesca de investigación asociado al permiso SUBPESCA, R. EX N°E-2021-074. Proyecto: Caracterización ecosistemas acuáticos continentales asociados al proyecto modificación Piscicultura los Tilcos, Río Chico Región de Los Lagos. Mandante: Piscicultura los Tilcos. | G66: Rio Chamiza Entre Estero Pangal y Desembocadura | H66: ABRIL | I66: 2021 | J66: - | K66: PLT-1 | L66: 41°25'19.26"S | M66: 72°49'10.61"O | N66: Peces | O66: Mordacia lapicida | P66: Lamprea de agua dulce | Q66: 3 | R66: 1. PESCA ELÉCTRICA | S66: 0.25 | T66: (IND/MIN) | U66: - | V66: - | W66: - | X66: Mordacia lapicida | Y66: 0 | Z66: 3 | AE66: 3
A67: R. EX N°E-2021-074 | B67: Jaime Illanes y Asociados Consultores S.A. | C67: Caracterización ecosistemas acuáticos continentales asociados al proyecto modificación piscicultura los Tilcos, Río Chico región de los Lagos | D67: Jaime Illanes y Asociados Consultores S.A. | E67: =INDEX(Sheet1!$E$23:$E$34,MATCH(A67,Sheet1!$D$23:$D$34,0)) -> Jaime Illanes y Asociados Consultores S.A. (2021) Informe de resutados de pesca de investigación asociado al permiso SUBPESCA, R. EX N°E-2021-074. Proyecto: Caracterización ecosistemas acuáticos continentales asociados al proyecto modificación Piscicultura los Tilcos, Río Chico Región de Los Lagos. Mandante: Piscicultura los Tilcos. | G67: Rio Chamiza Entre Estero Pangal y Desembocadura | H67: ABRIL | I67: 2021 | J67: - | K67: PLT-1 | L67: 41°25'19.26"S | M67: 72°49'10.61"O | N67: Peces | O67: Galaxias maculatus | P67: Puye | Q67: 2 | R67: 1. PESCA ELÉCTRICA | S67: 0.25 | T67: (IND/MIN) | U67: - | V67: - | W67: - | X67: Galaxias maculatus | Y67: 0 | Z67: 2 | AE67: 2
A68: R. EX N°E-2021-074 | B68: Jaime Illanes y Asociados Consultores S.A. | C68: Caracterización ecosistemas acuáticos continentales asociados al proyecto modificación piscicultura los Tilcos, Río Chico región de los Lagos | D68: Jaime Illanes y Asociados Consultores S.A. | E68: =INDEX(Sheet1!$E$23:$E$34,MATCH(A68,Sheet1!$D$23:$D$34,0)) -> Jaime Illanes y Asociados Consultores S.A. (2021) Informe de resutados de pesca de investigación asociado al permiso SUBPESCA, R. EX N°E-2021-074. Proyecto: Caracterización ecosistemas acuáticos continentales asociados al proyecto modificación Piscicultura los Tilcos, Río Chico Región de Los Lagos. Mandante: Piscicultura los Tilcos. | G68: Rio Chamiza Entre Estero Pangal y Desembocadura | H68: ABRIL | I68: 2021 | J68: - | K68: PLT-2 | L68: 41°25'49.50"S | M68: 72°48'59.17"O | N68: Peces | O68: Galaxias maculatus | P68: Puye | Q68: 7 | R68: 1. PESCA ELÉCTRICA | S68: 0.5 | T68: (IND/MIN) | U68: - | V68: - | W68: - | X68: Galaxias maculatus | Y68: 0 | Z68: 7 | AE68: 7
A69: R. EX N°E-2021-074 | B69: Jaime Illanes y Asociados Consultores S.A. | C69: Caracterización ecosistemas acuáticos continentales asociados al proyecto modificación piscicultura los Tilcos, Río Chico región de los Lagos | D69: Jaime Illanes y Asociados Consultores S.A. | E69: =INDEX(Sheet1!$E$23:$E$34,MATCH(A69,Sheet1!$D$23:$D$34,0)) -> Jaime Illanes y Asociados Consultores S.A. (2021) Informe de resutados de pesca de investigación asociado al permiso SUBPESCA, R. EX N°E-2021-074. Proyecto: Caracterización ecosistemas acuáticos continentales asociados al proyecto modificación Piscicultura los Tilcos, Río Chico Región de Los Lagos. Mandante: Piscicultura los Tilcos. | G69: Rio Chamiza Entre Estero Pangal y Desembocadura | H69: ABRIL | I69: 2021 | J69: - | K69: PLT-2 | L69: 41°25'49.50"S | M69: 72°48'59.17"O | N69: Peces | O69: Trichomycterus areolatus | P69: Bagrecito | Q69: 3 | R69: 1. PESCA ELÉCTRICA | S69: 0.5 | T69: (IND/MIN) | U69: - | V69: - | W69: - | X69: Trichomycterus areolatus | Y69: 0 | Z69: 3 | AE69: 3
A70: R. EX N°E-2021-074 | B70: Jaime Illanes y Asociados Consultores S.A. | C70: Caracterización ecosistemas acuáticos continentales asociados al proyecto modificación piscicultura los Tilcos, Río Chico región de los Lagos | D70: Jaime Illanes y Asociados Consultores S.A. | E70: =INDEX(Sheet1!$E$23:$E$34,MATCH(A70,Sheet1!$D$23:$D$34,0)) -> Jaime Illanes y Asociados Consultores S.A. (2021) Informe de resutados de pesca de investigación asociado al permiso SUBPESCA, R. EX N°E-2021-074. Proyecto: Caracterización ecosistemas acuáticos continentales asociados al proyecto modificación Piscicultura los Tilcos, Río Chico Región de Los Lagos. Mandante: Piscicultura los Tilcos. | G70: Rio Chamiza Entre Estero Pangal y Desembocadura | H70: ABRIL | I70: 2021 | J70: - | K70: PLT-3 | L70: 41°26'0.39"S | M70: 72°48'45.55"O | N70: Peces | O70: Trichomycterus areolatus | P70: Bagrecito | Q70: 4 | R70: 1. PESCA ELÉCTRICA | S70: 0.25 | T70: (IND/MIN) | U70: - | V70: - | W70: - | X70: Trichomycterus areolatus | Y70: 0 | Z70: 4 | AE70: 4
A71: R. EX N°E-2021-074 | B71: Jaime Illanes y Asociados Consultores S.A. | C71: Caracterización ecosistemas acuáticos continentales asociados al proyecto modificación piscicultura los Tilcos, Río Chico región de los Lagos | D71: Jaime Illanes y Asociados Consultores S.A. | E71: =INDEX(Sheet1!$E$23:$E$34,MATCH(A71,Sheet1!$D$23:$D$34,0)) -> Jaime Illanes y Asociados Consultores S.A. (2021) Informe de resutados de pesca de investigación asociado al permiso SUBPESCA, R. EX N°E-2021-074. Proyecto: Caracterización ecosistemas acuáticos continentales asociados al proyecto modificación Piscicultura los Tilcos, Río Chico Región de Los Lagos. Mandante: Piscicultura los Tilcos. | G71: Rio Chamiza Entre Estero Pangal y Desembocadura | H71: ABRIL | I71: 2021 | J71: - | K71: PLT-3 | L71: 41°26'0.39"S | M71: 72°48'45.55"O | N71: Peces | O71: Oncorhynchus mykiss | P71: Trucha Arcoíris | Q71: 1 | R71: 1. PESCA ELÉCTRICA | S71: 0.25 | T71: (IND/MIN) | U71: - | V71: - | W71: - | X71: Oncorhynchus mykiss | Y71: 0 | Z71: 1 | AE71: 1
A72: R. EX N°E-2021-074 | B72: Jaime Illanes y Asociados Consultores S.A. | C72: Caracterización ecosistemas acuáticos continentales asociados al proyecto modificación piscicultura los Tilcos, Río Chico región de los Lagos | D72: Jaime Illanes y Asociados Consultores S.A. | E72: =INDEX(Sheet1!$E$23:$E$34,MATCH(A72,Sheet1!$D$23:$D$34,0)) -> Jaime Illanes y Asociados Consultores S.A. (2021) Informe de resutados de pesca de investigación asociado al permiso SUBPESCA, R. EX N°E-2021-074. Proyecto: Caracterización ecosistemas acuáticos continentales asociados al proyecto modificación Piscicultura los Tilcos, Río Chico Región de Los Lagos. Mandante: Piscicultura los Tilcos. | G72: Rio Chamiza Entre Estero Pangal y Desembocadura | H72: ABRIL | I72: 2021 | J72: - | K72: PLT-4 | L72: 41°26'24.94"S | M72: 72°49'08.24"O | N72: Peces | O72: Trichomycterus areolatus | P72: Bagrecito | Q72: 5 | R72: 1. PESCA ELÉCTRICA | S72: 0.25 | T72: (IND/MIN) | U72: - | V72: - | W72: - | X72: Trichomycterus areolatus | Y72: 0 | Z72: 5 | AE72: 5
A73: R. EX N°411-2017 | B73: Cultivos Marinos Lago Yelcho S.P.A. | C73: CARACTERIZACIÓN DE FAUNA ÍCTICA ASOCIADA AL PROYECTO, PISCICULTURA SAN JOAQUÍN. RIO CISNES, HUALAIHUÉ ESTERO, COMUNA DE HUALAIHUÉ, PROVINCIA DE PALENA. REGIÓN DE LOS LAGOS. | D73: Juan Cárcamo Barría | E73: =INDEX(Sheet1!$E$23:$E$34,MATCH(A73,Sheet1!$D$23:$D$34,0)) -> Juan Cárcamo Barría (2017) Informe de resutados de pesca de investigación asociado al permiso SUBPESCA, R. EX N°411-2017. Proyecto: Caracterización de fauna íctica asociada al proyecto, piscicultura San Joaquín, sector El Varal, comuna de Hualaihué, X región de Los Lagos. Mandante: Cultivos Marinos Lago Yelcho S.P.A. | G73: Costeras Entre Punta Tentelhue y Rio Negro (Incluido) | H73: FEBRERO | I73: 2017 | J73: 0.53819444 | K73: PC 1 | L73: 41°59'26,91''S | M73: 72°40'14,85''W | O73: Galaxias maculatus | P73: Puye/Truchita/Coltrao | Q73: 4 | R73: PESCA ELÉCTRICA | S73: - | T73: - | U73: - | V73: - | W73: - | X73: Galaxias maculatus | Z73: 4 | AA73: 8 | AB73: 9 | AC73: 8.5 | AE73: 4 | AF73: 6.5 | AG73: 7.5 | AH73: 7
A74: R. EX N°411-2017 | B74: Cultivos Marinos Lago Yelcho S.P.A. | C74: CARACTERIZACIÓN DE FAUNA ÍCTICA ASOCIADA AL PROYECTO, PISCICULTURA SAN JOAQUÍN. RIO CISNES, HUALAIHUÉ ESTERO, COMUNA DE HUALAIHUÉ, PROVINCIA DE PALENA. REGIÓN DE LOS LAGOS. | D74: Juan Cárcamo Barría | E74: =INDEX(Sheet1!$E$23:$E$34,MATCH(A74,Sheet1!$D$23:$D$34,0)) -> Juan Cárcamo Barría (2017) Informe de resutados de pesca de investigación asociado al permiso SUBPESCA, R. EX N°411-2017. Proyecto: Caracterización de fauna íctica asociada al proyecto, piscicultura San Joaquín, sector El Varal, comuna de Hualaihué, X región de Los Lagos. Mandante: Cultivos Marinos Lago Yelcho S.P.A. | G74: Costeras Entre Punta Tentelhue y Rio Negro (Incluido) | H74: FEBRERO | I74: 2017 | J74: 0.53819444 | K74: PC 1 | L74: 41°59'26,91''S | M74: 72°40'14,85''W | O74: Salmo trutta | P74: trucha café | Q74: 2 | R74: PESCA ELÉCTRICA | S74: - | T74: - | U74: - | V74: - | W74: - | X74: Salmo trutta | Z74: 2 | AA74: 10 | AB74: 12 | AC74: 11 | AE74: 2 | AF74: 6 | AG74: 7 | AH74: 6.5
A75: R. EX N°411-2017 | B75: Cultivos Marinos Lago Yelcho S.P.A. | C75: CARACTERIZACIÓN DE FAUNA ÍCTICA ASOCIADA AL PROYECTO, PISCICULTURA SAN JOAQUÍN. RIO CISNES, HUALAIHUÉ ESTERO, COMUNA DE HUALAIHUÉ, PROVINCIA DE PALENA. REGIÓN DE LOS LAGOS. | D75: Juan Cárcamo Barría | E75: =INDEX(Sheet1!$E$23:$E$34,MATCH(A75,Sheet1!$D$23:$D$34,0)) -> Juan Cárcamo Barría (2017) Informe de resutados de pesca de investigación asociado al permiso SUBPESCA, R. EX N°411-2017. Proyecto: Caracterización de fauna íctica asociada al proyecto, piscicultura San Joaquín, sector El Varal, comuna de Hualaihué, X región de Los Lagos. Mandante: Cultivos Marinos Lago Yelcho S.P.A. | G75: Costeras Entre Punta Tentelhue y Rio Negro (Incluido) | H75: FEBRERO | I75: 2017 | J75: 0.53819444 | K75: PC 1 | L75: 41°59'26,91''S | M75: 72°40'14,85''W | O75: Aplochiton zebra | P75: Farionela listada | Q75: 1 | R75: PESCA ELÉCTRICA | S75: - | T75: - | U75: - | V75: - | W75: - | X75: Aplochiton zebra | Z75: 1 | AB75: 13 | AC75: 13 | AE75: 1 | AG75: 9 | AH75: 9
A76: R. EX N°411-2017 | B76: Cultivos Marinos Lago Yelcho S.P.A. | C76: CARACTERIZACIÓN DE FAUNA ÍCTICA ASOCIADA AL PROYECTO, PISCICULTURA SAN JOAQUÍN. RIO CISNES, HUALAIHUÉ ESTERO, COMUNA DE HUALAIHUÉ, PROVINCIA DE PALENA. REGIÓN DE LOS LAGOS. | D76: Juan Cárcamo Barría | E76: =INDEX(Sheet1!$E$23:$E$34,MATCH(A76,Sheet1!$D$23:$D$34,0)) -> Juan Cárcamo Barría (2017) Informe de resutados de pesca de investigación asociado al permiso SUBPESCA, R. EX N°411-2017. Proyecto: Caracterización de fauna íctica asociada al proyecto, piscicultura San Joaquín, sector El Varal, comuna de Hualaihué, X región de Los Lagos. Mandante: Cultivos Marinos Lago Yelcho S.P.A. | G76: Costeras Entre Punta Tentelhue y Rio Negro (Incluido) | H76: FEBRERO | I76: 2017 | J76: 0.52430556 | K76: PC 2 | L76: 41°59'28,51''S | M76: 72°40'15,57''W | O76: Galaxias maculatus | P76: Puye/Truchita/Coltrao | Q76: 6 | R76: PESCA ELÉCTRICA | S76: - | T76: - | U76: - | V76: - | W76: - | X76: Galaxias maculatus | Z76: 6 | AA76: 8 | AB76: 9 | AC76: 8.667 | AE76: 6 | AF76: 6 | AG76: 7 | AH76: 6.667
A77: R. EX N°411-2017 | B77: Cultivos Marinos Lago Yelcho S.P.A. | C77: CARACTERIZACIÓN DE FAUNA ÍCTICA ASOCIADA AL PROYECTO, PISCICULTURA SAN JOAQUÍN. RIO CISNES, HUALAIHUÉ ESTERO, COMUNA DE HUALAIHUÉ, PROVINCIA DE PALENA. REGIÓN DE LOS LAGOS. | D77: Juan Cárcamo Barría | E77: =INDEX(Sheet1!$E$23:$E$34,MATCH(A77,Sheet1!$D$23:$D$34,0)) -> Juan Cárcamo Barría (2017) Informe de resutados de pesca de investigación asociado al permiso SUBPESCA, R. EX N°411-2017. Proyecto: Caracterización de fauna íctica asociada al proyecto, piscicultura San Joaquín, sector El Varal, comuna de Hualaihué, X región de Los Lagos. Mandante: Cultivos Marinos Lago Yelcho S.P.A. | G77: Costeras Entre Punta Tentelhue y Rio Negro (Incluido) | H77: FEBRERO | I77: 2017 | J77: 0.52430556 | K77: PC 2 | L77: 41°59'28,51''S | M77: 72°40'15,57''W | O77: Aplochiton zebra | P77: Farionela listada | Q77: 3 | R77: PESCA ELÉCTRICA | S77: - | T77: - | U77: - | V77: - | W77: - | X77: Aplochiton zebra | Z77: 3 | AA77: 10 | AB77: 15 | AC77: 11.667 | AE77: 3 | AF77: 7 | AG77: 11 | AH77: 8.333
A78: R. EX N°411-2017 | B78: Cultivos Marinos Lago Yelcho S.P.A. | C78: CARACTERIZACIÓN DE FAUNA ÍCTICA ASOCIADA AL PROYECTO, PISCICULTURA SAN JOAQUÍN. RIO CISNES, HUALAIHUÉ ESTERO, COMUNA DE HUALAIHUÉ, PROVINCIA DE PALENA. REGIÓN DE LOS LAGOS. | D78: Juan Cárcamo Barría | E78: =INDEX(Sheet1!$E$23:$E$34,MATCH(A78,Sheet1!$D$23:$D$34,0)) -> Juan Cárcamo Barría (2017) Informe de resutados de pesca de investigación asociado al permiso SUBPESCA, R. EX N°411-2017. Proyecto: Caracterización de fauna íctica asociada al proyecto, piscicultura San Joaquín, sector El Varal, comuna de Hualaihué, X región de Los Lagos. Mandante: Cultivos Marinos Lago Yelcho S.P.A. | G78: Costeras Entre Punta Tentelhue y Rio Negro (Incluido) | H78: FEBRERO | I78: 2017 | J78: 0.57638889 | K78: PR1 | L78: 41°59'44,30''S | M78: 72°40'06,08''W | O78: Mordacia lapicida | P78: Lamprea de agua dulce | Q78: 1 | R78: PESCA ELÉCTRICA | S78: - | T78: - | U78: - | V78: - | W78: - | X78: Mordacia lapicida | Z78: 1 | AB78: 4 | AC78: 4 | AE78: 1 | AG78: 7 | AH78: 7
A79: R. EX N°411-2017 | B79: Cultivos Marinos Lago Yelcho S.P.A. | C79: CARACTERIZACIÓN DE FAUNA ÍCTICA ASOCIADA AL PROYECTO, PISCICULTURA SAN JOAQUÍN. RIO CISNES, HUALAIHUÉ ESTERO, COMUNA DE HUALAIHUÉ, PROVINCIA DE PALENA. REGIÓN DE LOS LAGOS. | D79: Juan Cárcamo Barría | E79: =INDEX(Sheet1!$E$23:$E$34,MATCH(A79,Sheet1!$D$23:$D$34,0)) -> Juan Cárcamo Barría (2017) Informe de resutados de pesca de investigación asociado al permiso SUBPESCA, R. EX N°411-2017. Proyecto: Caracterización de fauna íctica asociada al proyecto, piscicultura San Joaquín, sector El Varal, comuna de Hualaihué, X región de Los Lagos. Mandante: Cultivos Marinos Lago Yelcho S.P.A. | G79: Costeras Entre Punta Tentelhue y Rio Negro (Incluido) | H79: FEBRERO | I79: 2017 | J79: 0.57638889 | K79: PR1 | L79: 41°59'44,30''S | M79: 72°40'06,08''W | O79: Galaxias maculatus | P79: Puye/Truchita/Coltrao | Q79: 2 | R79: PESCA ELÉCTRICA | S79: - | T79: - | U79: - | V79: - | W79: - | X79: Galaxias maculatus | Z79: 2 | AA79: 8 | AB79: 9 | AC79: 8.5 | AE79: 2 | AF79: 6.5 | AG79: 7 | AH79: 6.75
A80: R. EX N°411-2017 | B80: Cultivos Marinos Lago Yelcho S.P.A. | C80: CARACTERIZACIÓN DE FAUNA ÍCTICA ASOCIADA AL PROYECTO, PISCICULTURA SAN JOAQUÍN. RIO CISNES, HUALAIHUÉ ESTERO, COMUNA DE HUALAIHUÉ, PROVINCIA DE PALENA. REGIÓN DE LOS LAGOS. | D80: Juan Cárcamo Barría | E80: =INDEX(Sheet1!$E$23:$E$34,MATCH(A80,Sheet1!$D$23:$D$34,0)) -> Juan Cárcamo Barría (2017) Informe de resutados de pesca de investigación asociado al permiso SUBPESCA, R. EX N°411-2017. Proyecto: Caracterización de fauna íctica asociada al proyecto, piscicultura San Joaquín, sector El Varal, comuna de Hualaihué, X región de Los Lagos. Mandante: Cultivos Marinos Lago Yelcho S.P.A. | G80: Costeras Entre Punta Tentelhue y Rio Negro (Incluido) | H80: FEBRERO | I80: 2017 | J80: 0.58680556 | K80: PR2 | L80: 41°59'44,70''S | M80: 72°39'58,64''W | O80: Galaxias maculatus | P80: Puye/Truchita/Coltrao | Q80: 7 | R80: PESCA ELÉCTRICA | S80: - | T80: - | U80: - | V80: - | W80: - | X80: Galaxias maculatus | Z80: 7 | AA80: 8 | AB80: 11 | AC80: 9.429 | AE80: 7 | AF80: 6.5 | AG80: 10 | AH80: 8.07
A81: R. EX N°411-2017 | B81: Cultivos Marinos Lago Yelcho S.P.A. | C81: CARACTERIZACIÓN DE FAUNA ÍCTICA ASOCIADA AL PROYECTO, PISCICULTURA SAN JOAQUÍN. RIO CISNES, HUALAIHUÉ ESTERO, COMUNA DE HUALAIHUÉ, PROVINCIA DE PALENA. REGIÓN DE LOS LAGOS. | D81: Juan Cárcamo Barría | E81: =INDEX(Sheet1!$E$23:$E$34,MATCH(A81,Sheet1!$D$23:$D$34,0)) -> Juan Cárcamo Barría (2017) Informe de resutados de pesca de investigación asociado al permiso SUBPESCA, R. EX N°411-2017. Proyecto: Caracterización de fauna íctica asociada al proyecto, piscicultura San Joaquín, sector El Varal, comuna de Hualaihué, X región de Los Lagos. Mandante: Cultivos Marinos Lago Yelcho S.P.A. | G81: Costeras Entre Punta Tentelhue y Rio Negro (Incluido) | H81: FEBRERO | I81: 2017 | J81: 0.58680556 | K81: PR2 | L81: 41°59'44,70''S | M81: 72°39'58,64''W | O81: Aplochiton zebra | P81: Farionela listada | Q81: 1 | R81: PESCA ELÉCTRICA | S81: - | T81: - | U81: - | V81: - | W81: - | X81: Aplochiton zebra | Z81: 1 | AB81: 10 | AC81: 10 | AE81: 1 | AG81: 9 | AH81: 9
A82: R. EX N°411-2017 | B82: Cultivos Marinos Lago Yelcho S.P.A. | C82: CARACTERIZACIÓN DE FAUNA ÍCTICA ASOCIADA AL PROYECTO, PISCICULTURA SAN JOAQUÍN. RIO CISNES, HUALAIHUÉ ESTERO, COMUNA DE HUALAIHUÉ, PROVINCIA DE PALENA. REGIÓN DE LOS LAGOS. | D82: Juan Cárcamo Barría | E82: =INDEX(Sheet1!$E$23:$E$34,MATCH(A82,Sheet1!$D$23:$D$34,0)) -> Juan Cárcamo Barría (2017) Informe de resutados de pesca de investigación asociado al permiso SUBPESCA, R. EX N°411-2017. Proyecto: Caracterización de fauna íctica asociada al proyecto, piscicultura San Joaquín, sector El Varal, comuna de Hualaihué, X región de Los Lagos. Mandante: Cultivos Marinos Lago Yelcho S.P.A. | G82: Costeras Entre Punta Tentelhue y Rio Negro (Incluido) | H82: FEBRERO | I82: 2017 | J82: 0.60416667 | K82: PR3 | L82: 41°59'42,21''S | M82: 72°39'55,77''W | O82: Galaxias maculatus | P82: Puye/Truchita/Coltrao | Q82: 2 | R82: PESCA ELÉCTRICA | S82: - | T82: - | U82: - | V82: - | W82: - | X82: Galaxias maculatus | Z82: 2 | AA82: 8 | AB82: 11 | AC82: 9.5 | AE82: 2 | AF82: 6 | AG82: 10 | AH82: 8
A83: R. EX N°411-2017 | B83: Cultivos Marinos Lago Yelcho S.P.A. | C83: CARACTERIZACIÓN DE FAUNA ÍCTICA ASOCIADA AL PROYECTO, PISCICULTURA SAN JOAQUÍN. RIO CISNES, HUALAIHUÉ ESTERO, COMUNA DE HUALAIHUÉ, PROVINCIA DE PALENA. REGIÓN DE LOS LAGOS. | D83: Juan Cárcamo Barría | E83: =INDEX(Sheet1!$E$23:$E$34,MATCH(A83,Sheet1!$D$23:$D$34,0)) -> Juan Cárcamo Barría (2017) Informe de resutados de pesca de investigación asociado al permiso SUBPESCA, R. EX N°411-2017. Proyecto: Caracterización de fauna íctica asociada al proyecto, piscicultura San Joaquín, sector El Varal, comuna de Hualaihué, X región de Los Lagos. Mandante: Cultivos Marinos Lago Yelcho S.P.A. | G83: Costeras Entre Punta Tentelhue y Rio Negro (Incluido) | H83: FEBRERO | I83: 2017 | J83: 0.61458333 | K83: PR4 | L83: 41°59'39,84''S | M83: 72°39'53,82''W | O83: Galaxias maculatus | P83: Puye/Truchita/Coltrao | Q83: 3 | R83: PESCA ELÉCTRICA | S83: - | T83: - | U83: - | V83: - | W83: - | X83: Galaxias maculatus | Z83: 3 | AA83: 8 | AB83: 8 | AC83: 8 | AE83: 3 | AF83: 6.5 | AG83: 6.5 | AH83: 6.5
A84: R. EX N°411-2017 | B84: Cultivos Marinos Lago Yelcho S.P.A. | C84: CARACTERIZACIÓN DE FAUNA ÍCTICA ASOCIADA AL PROYECTO, PISCICULTURA SAN JOAQUÍN. RIO CISNES, HUALAIHUÉ ESTERO, COMUNA DE HUALAIHUÉ, PROVINCIA DE PALENA. REGIÓN DE LOS LAGOS. | D84: Juan Cárcamo Barría | E84: =INDEX(Sheet1!$E$23:$E$34,MATCH(A84,Sheet1!$D$23:$D$34,0)) -> Juan Cárcamo Barría (2017) Informe de resutados de pesca de investigación asociado al permiso SUBPESCA, R. EX N°411-2017. Proyecto: Caracterización de fauna íctica asociada al proyecto, piscicultura San Joaquín, sector El Varal, comuna de Hualaihué, X región de Los Lagos. Mandante: Cultivos Marinos Lago Yelcho S.P.A. | G84: Costeras Entre Punta Tentelhue y Rio Negro (Incluido) | H84: FEBRERO | I84: 2017 | J84: 0.61805556 | K84: PR5 | L84: 41°59'37,37''S | M84: 72°39'50,52''W | O84: Galaxias maculatus | P84: Puye/Truchita/Coltrao | Q84: 5 | R84: PESCA ELÉCTRICA | S84: - | T84: - | U84: - | V84: - | W84: - | X84: Galaxias maculatus | Z84: 5 | AA84: 8 | AB84: 8 | AC84: 8 | AE84: 5 | AF84: 6 | AG84: 6.5 | AH84: 6.1
A85: R. EX N°411-2017 | B85: Cultivos Marinos Lago Yelcho S.P.A. | C85: CARACTERIZACIÓN DE FAUNA ÍCTICA ASOCIADA AL PROYECTO, PISCICULTURA SAN JOAQUÍN. RIO CISNES, HUALAIHUÉ ESTERO, COMUNA DE HUALAIHUÉ, PROVINCIA DE PALENA. REGIÓN DE LOS LAGOS. | D85: Juan Cárcamo Barría | E85: =INDEX(Sheet1!$E$23:$E$34,MATCH(A85,Sheet1!$D$23:$D$34,0)) -> Juan Cárcamo Barría (2017) Informe de resutados de pesca de investigación asociado al permiso SUBPESCA, R. EX N°411-2017. Proyecto: Caracterización de fauna íctica asociada al proyecto, piscicultura San Joaquín, sector El Varal, comuna de Hualaihué, X región de Los Lagos. Mandante: Cultivos Marinos Lago Yelcho S.P.A. | G85: Costeras Entre Punta Tentelhue y Rio Negro (Incluido) | H85: FEBRERO | I85: 2017 | J85: 0.61805556 | K85: PR5 | L85: 41°59'37,37''S | M85: 72°39'50,52''W | O85: Aplochiton zebra | P85: Farionela listada | Q85: 3 | R85: PESCA ELÉCTRICA | S85: - | T85: - | U85: - | V85: - | W85: - | X85: Aplochiton zebra | Z85: 3 | AA85: 9 | AB85: 12 | AC85: 10.333 | AE85: 3 | AF85: 6 | AG85: 8 | AH85: 6.667
A86: R. EX N°411-2017 | B86: Cultivos Marinos Lago Yelcho S.P.A. | C86: CARACTERIZACIÓN DE FAUNA ÍCTICA ASOCIADA AL PROYECTO, PISCICULTURA SAN JOAQUÍN. RIO CISNES, HUALAIHUÉ ESTERO, COMUNA DE HUALAIHUÉ, PROVINCIA DE PALENA. REGIÓN DE LOS LAGOS. | D86: Juan Cárcamo Barría | E86: =INDEX(Sheet1!$E$23:$E$34,MATCH(A86,Sheet1!$D$23:$D$34,0)) -> Juan Cárcamo Barría (2017) Informe de resutados de pesca de investigación asociado al permiso SUBPESCA, R. EX N°411-2017. Proyecto: Caracterización de fauna íctica asociada al proyecto, piscicultura San Joaquín, sector El Varal, comuna de Hualaihué, X región de Los Lagos. Mandante: Cultivos Marinos Lago Yelcho S.P.A. | G86: Costeras Entre Punta Tentelhue y Rio Negro (Incluido) | H86: FEBRERO | I86: 2017 | J86: 0.625 | K86: PR6 | L86: 41°59'38,97''S | M86: 72°39'47,63''W | O86: Galaxias maculatus | P86: Puye/Truchita/Coltrao | Q86: 3 | R86: PESCA ELÉCTRICA | S86: - | T86: - | U86: - | V86: - | W86: - | X86: Galaxias maculatus | Z86: 3 | AA86: 8 | AB86: 9 | AC86: 8.333 | AE86: 3 | AF86: 6.5 | AG86: 7 | AH86: 6.667
A87: R. EX N°411-2017 | B87: Cultivos Marinos Lago Yelcho S.P.A. | C87: CARACTERIZACIÓN DE FAUNA ÍCTICA ASOCIADA AL PROYECTO, PISCICULTURA SAN JOAQUÍN. RIO CISNES, HUALAIHUÉ ESTERO, COMUNA DE HUALAIHUÉ, PROVINCIA DE PALENA. REGIÓN DE LOS LAGOS. | D87: Juan Cárcamo Barría | E87: =INDEX(Sheet1!$E$23:$E$34,MATCH(A87,Sheet1!$D$23:$D$34,0)) -> Juan Cárcamo Barría (2017) Informe de resutados de pesca de investigación asociado al permiso SUBPESCA, R. EX N°411-2017. Proyecto: Caracterización de fauna íctica asociada al proyecto, piscicultura San Joaquín, sector El Varal, comuna de Hualaihué, X región de Los Lagos. Mandante: Cultivos Marinos Lago Yelcho S.P.A. | G87: Costeras Entre Punta Tentelhue y Rio Negro (Incluido) | H87: FEBRERO | I87: 2017 | J87: 0.625 | K87: PR6 | L87: 41°59'38,97''S | M87: 72°39'47,63''W | O87: Aplochiton zebra | P87: Farionela listada | Q87: 2 | R87: PESCA ELÉCTRICA | S87: - | T87: - | U87: - | V87: - | W87: - | X87: Aplochiton zebra | Z87: 2 | AA87: 9 | AB87: 14 | AC87: 11.5 | AE87: 2 | AF87: 7 | AG87: 10 | AH87: 8.5
A88: R. EX N°411-2017 | B88: Cultivos Marinos Lago Yelcho S.P.A. | C88: CARACTERIZACIÓN DE FAUNA ÍCTICA ASOCIADA AL PROYECTO, PISCICULTURA SAN JOAQUÍN. RIO CISNES, HUALAIHUÉ ESTERO, COMUNA DE HUALAIHUÉ, PROVINCIA DE PALENA. REGIÓN DE LOS LAGOS. | D88: Juan Cárcamo Barría | E88: =INDEX(Sheet1!$E$23:$E$34,MATCH(A88,Sheet1!$D$23:$D$34,0)) -> Juan Cárcamo Barría (2017) Informe de resutados de pesca de investigación asociado al permiso SUBPESCA, R. EX N°411-2017. Proyecto: Caracterización de fauna íctica asociada al proyecto, piscicultura San Joaquín, sector El Varal, comuna de Hualaihué, X región de Los Lagos. Mandante: Cultivos Marinos Lago Yelcho S.P.A. | G88: Costeras Entre Punta Tentelhue y Rio Negro (Incluido) | H88: FEBRERO | I88: 2017 | J88: 0.63541667 | K88: PR7 | L88: 41°59'41,79''S | M88: 72°39'47,79''W | O88: Galaxias maculatus | P88: Puye/Truchita/Coltrao | Q88: 4 | R88: PESCA ELÉCTRICA | S88: - | T88: - | U88: - | V88: - | W88: - | X88: Galaxias maculatus | Z88: 4 | AA88: 8 | AB88: 9 | AC88: 8.25 | AE88: 4 | AF88: 6 | AG88: 7 | AH88: 6.5
A89: R. EX N°411-2017 | B89: Cultivos Marinos Lago Yelcho S.P.A. | C89: CARACTERIZACIÓN DE FAUNA ÍCTICA ASOCIADA AL PROYECTO, PISCICULTURA SAN JOAQUÍN. RIO CISNES, HUALAIHUÉ ESTERO, COMUNA DE HUALAIHUÉ, PROVINCIA DE PALENA. REGIÓN DE LOS LAGOS. | D89: Juan Cárcamo Barría | E89: =INDEX(Sheet1!$E$23:$E$34,MATCH(A89,Sheet1!$D$23:$D$34,0)) -> Juan Cárcamo Barría (2017) Informe de resutados de pesca de investigación asociado al permiso SUBPESCA, R. EX N°411-2017. Proyecto: Caracterización de fauna íctica asociada al proyecto, piscicultura San Joaquín, sector El Varal, comuna de Hualaihué, X región de Los Lagos. Mandante: Cultivos Marinos Lago Yelcho S.P.A. | G89: Costeras Entre Punta Tentelhue y Rio Negro (Incluido) | H89: FEBRERO | I89: 2017 | J89: 0.63541667 | K89: PR7 | L89: 41°59'41,79''S | M89: 72°39'47,79''W | O89: Aplochiton zebra | P89: Farionela listada | Q89: 1 | R89: PESCA ELÉCTRICA | S89: - | T89: - | U89: - | V89: - | W89: - | X89: Aplochiton zebra | Z89: 1 | AA89: 10 | AB89: 14 | AC89: 12 | AE89: 1 | AG89: 10 | AH89: 10
A90: R. EX N°411-2017 | B90: Cultivos Marinos Lago Yelcho S.P.A. | C90: CARACTERIZACIÓN DE FAUNA ÍCTICA ASOCIADA AL PROYECTO, PISCICULTURA SAN JOAQUÍN. RIO CISNES, HUALAIHUÉ ESTERO, COMUNA DE HUALAIHUÉ, PROVINCIA DE PALENA. REGIÓN DE LOS LAGOS. | D90: Juan Cárcamo Barría | E90: =INDEX(Sheet1!$E$23:$E$34,MATCH(A90,Sheet1!$D$23:$D$34,0)) -> Juan Cárcamo Barría (2017) Informe de resutados de pesca de investigación asociado al permiso SUBPESCA, R. EX N°411-2017. Proyecto: Caracterización de fauna íctica asociada al proyecto, piscicultura San Joaquín, sector El Varal, comuna de Hualaihué, X región de Los Lagos. Mandante: Cultivos Marinos Lago Yelcho S.P.A. | G90: Costeras Entre Punta Tentelhue y Rio Negro (Incluido) | H90: JUNIO | I90: 2017 | J90: 0.65277778 | K90: PC 1 | L90: 41°59'26,91''S | M90: 72°40'14,85''W | O90: Aplochiton zebra | P90: Farionela listada | Q90: 2 | R90: PESCA ELÉCTRICA | S90: - | T90: - | U90: - | V90: - | W90: - | X90: Aplochiton zebra | Y90: Farionela listada | Z90: 2 | AA90: 10 | AB90: 12 | AC90: 11 | AE90: 2 | AF90: 7 | AG90: 8 | AH90: 7.5
A91: R. EX N°411-2017 | B91: Cultivos Marinos Lago Yelcho S.P.A. | C91: CARACTERIZACIÓN DE FAUNA ÍCTICA ASOCIADA AL PROYECTO, PISCICULTURA SAN JOAQUÍN. RIO CISNES, HUALAIHUÉ ESTERO, COMUNA DE HUALAIHUÉ, PROVINCIA DE PALENA. REGIÓN DE LOS LAGOS. | D91: Juan Cárcamo Barría | E91: =INDEX(Sheet1!$E$23:$E$34,MATCH(A91,Sheet1!$D$23:$D$34,0)) -> Juan Cárcamo Barría (2017) Informe de resutados de pesca de investigación asociado al permiso SUBPESCA, R. EX N°411-2017. Proyecto: Caracterización de fauna íctica asociada al proyecto, piscicultura San Joaquín, sector El Varal, comuna de Hualaihué, X región de Los Lagos. Mandante: Cultivos Marinos Lago Yelcho S.P.A. | G91: Costeras Entre Punta Tentelhue y Rio Negro (Incluido) | H91: JUNIO | I91: 2017 | J91: 0.65277778 | K91: PC 1 | L91: 41°59'26,91''S | M91: 72°40'14,85''W | O91: Galaxias Maculatus | P91: Puye/Truchita/Coltrao | Q91: 1 | R91: PESCA ELÉCTRICA | S91: - | T91: - | U91: - | V91: - | W91: - | X91: Galaxias Maculatus | Y91: Puye/Truchita/Coltrao | Z91: 1 | AB91: 8 | AC91: 8 | AE91: 1 | AG91: 7 | AH91: 7
A92: R. EX N°411-2017 | B92: Cultivos Marinos Lago Yelcho S.P.A. | C92: CARACTERIZACIÓN DE FAUNA ÍCTICA ASOCIADA AL PROYECTO, PISCICULTURA SAN JOAQUÍN. RIO CISNES, HUALAIHUÉ ESTERO, COMUNA DE HUALAIHUÉ, PROVINCIA DE PALENA. REGIÓN DE LOS LAGOS. | D92: Juan Cárcamo Barría | E92: =INDEX(Sheet1!$E$23:$E$34,MATCH(A92,Sheet1!$D$23:$D$34,0)) -> Juan Cárcamo Barría (2017) Informe de resutados de pesca de investigación asociado al permiso SUBPESCA, R. EX N°411-2017. Proyecto: Caracterización de fauna íctica asociada al proyecto, piscicultura San Joaquín, sector El Varal, comuna de Hualaihué, X región de Los Lagos. Mandante: Cultivos Marinos Lago Yelcho S.P.A. | G92: Costeras Entre Punta Tentelhue y Rio Negro (Incluido) | H92: JUNIO | I92: 2017 | J92: 0.64236111 | K92: PC 2 | L92: 41°59'28,51''S | M92: 72°40'15,57''W | O92: Galaxias Maculatus | P92: Puye/Truchita/Coltrao | Q92: 7 | R92: PESCA ELÉCTRICA | S92: - | T92: - | U92: - | V92: - | W92: - | X92: Galaxias Maculatus | Y92: Puye/Truchita/Coltrao | Z92: 7 | AA92: 7 | AB92: 9 | AC92: 8.143 | AE92: 7 | AF92: 5.5 | AG92: 8 | AH92: 7.429
A93: R. EX N°411-2017 | B93: Cultivos Marinos Lago Yelcho S.P.A. | C93: CARACTERIZACIÓN DE FAUNA ÍCTICA ASOCIADA AL PROYECTO, PISCICULTURA SAN JOAQUÍN. RIO CISNES, HUALAIHUÉ ESTERO, COMUNA DE HUALAIHUÉ, PROVINCIA DE PALENA. REGIÓN DE LOS LAGOS. | D93: Juan Cárcamo Barría | E93: =INDEX(Sheet1!$E$23:$E$34,MATCH(A93,Sheet1!$D$23:$D$34,0)) -> Juan Cárcamo Barría (2017) Informe de resutados de pesca de investigación asociado al permiso SUBPESCA, R. EX N°411-2017. Proyecto: Caracterización de fauna íctica asociada al proyecto, piscicultura San Joaquín, sector El Varal, comuna de Hualaihué, X región de Los Lagos. Mandante: Cultivos Marinos Lago Yelcho S.P.A. | G93: Costeras Entre Punta Tentelhue y Rio Negro (Incluido) | H93: JUNIO | I93: 2017 | J93: 0.65277778 | K93: PR1 | L93: 41°59'44,30''S | M93: 72°40'06,08''W | O93: Aplochiton zebra | P93: Farionela listada | Q93: 1 | R93: PESCA ELÉCTRICA | S93: - | T93: - | U93: - | V93: - | W93: - | X93: Aplochiton zebra | Y93: Farionela listada | Z93: 1 | AB93: 11 | AC93: 11 | AE93: 1 | AG93: 8 | AH93: 8
A94: R. EX N°411-2017 | B94: Cultivos Marinos Lago Yelcho S.P.A. | C94: CARACTERIZACIÓN DE FAUNA ÍCTICA ASOCIADA AL PROYECTO, PISCICULTURA SAN JOAQUÍN. RIO CISNES, HUALAIHUÉ ESTERO, COMUNA DE HUALAIHUÉ, PROVINCIA DE PALENA. REGIÓN DE LOS LAGOS. | D94: Juan Cárcamo Barría | E94: =INDEX(Sheet1!$E$23:$E$34,MATCH(A94,Sheet1!$D$23:$D$34,0)) -> Juan Cárcamo Barría (2017) Informe de resutados de pesca de investigación asociado al permiso SUBPESCA, R. EX N°411-2017. Proyecto: Caracterización de fauna íctica asociada al proyecto, piscicultura San Joaquín, sector El Varal, comuna de Hualaihué, X región de Los Lagos. Mandante: Cultivos Marinos Lago Yelcho S.P.A. | G94: Costeras Entre Punta Tentelhue y Rio Negro (Incluido) | H94: JUNIO | I94: 2017 | J94: 0.65277778 | K94: PR1 | L94: 41°59'44,30''S | M94: 72°40'06,08''W | O94: Galaxias Maculatus | P94: Puye/Truchita/Coltrao | Q94: 7 | R94: PESCA ELÉCTRICA | S94: - | T94: - | U94: - | V94: - | W94: - | X94: Galaxias Maculatus | Y94: Puye/Truchita/Coltrao | Z94: 7 | AA94: 8 | AB94: 9 | AC94: 8.714 | AE94: 7 | AF94: 6 | AG94: 8 | AH94: 7
A95: R. EX N°411-2017 | B95: Cultivos Marinos Lago Yelcho S.P.A. | C95: CARACTERIZACIÓN DE FAUNA ÍCTICA ASOCIADA AL PROYECTO, PISCICULTURA SAN JOAQUÍN. RIO CISNES, HUALAIHUÉ ESTERO, COMUNA DE HUALAIHUÉ, PROVINCIA DE PALENA. REGIÓN DE LOS LAGOS. | D95: Juan Cárcamo Barría | E95: =INDEX(Sheet1!$E$23:$E$34,MATCH(A95,Sheet1!$D$23:$D$34,0)) -> Juan Cárcamo Barría (2017) Informe de resutados de pesca de investigación asociado al permiso SUBPESCA, R. EX N°411-2017. Proyecto: Caracterización de fauna íctica asociada al proyecto, piscicultura San Joaquín, sector El Varal, comuna de Hualaihué, X región de Los Lagos. Mandante: Cultivos Marinos Lago Yelcho S.P.A. | G95: Costeras Entre Punta Tentelhue y Rio Negro (Incluido) | H95: JUNIO | I95: 2017 | J95: 0.55208333 | K95: PR7 | L95: 41°59'41,79''S | M95: 72°39'47,79''W | O95: Galaxias Maculatus | P95: Puye/Truchita/Coltrao | Q95: 5 | R95: PESCA ELÉCTRICA | S95: - | T95: - | U95: - | V95: - | W95: - | X95: Galaxias Maculatus | Y95: Puye/Truchita/Coltrao | Z95: 5 | AA95: 7 | AB95: 9 | AC95: 7.8 | AE95: 5 | AF95: 6 | AG95: 9 | AH95: 6.2
A96: R. EX N°E-2021-117 | B96: PHOTOSINTESIS | C96: CARACTERIZACIÓN LIMNOLÓGICA Y USO DE HÁBITATS RIBEREÑOS EN LOS LAGOS MEULLÍN, YULTON Y RÍO CUERVOS, REGIÓN DEL GRAL. CARLOS IBÁÑEZ DEL CAMPO | D96: Orcas SpA | E96: =INDEX(Sheet1!$E$23:$E$34,MATCH(A96,Sheet1!$D$23:$D$34,0)) -> Las Orcas Spa. (Photosintesis) (2021) Informe de resutados de pesca de investigación asociado al permiso SUBPESCA, R. EX N°E-2021-117. Proyecto: Caracterización limnológica y uso de hábitats ribereños en los lagos Meullín, Yulton y Río cuervos, región del General Carlos Ibáñez del Campo. Mandante: Fundación Kreen. | G96: Costeras entre Punta San Andres y Río Aisén | H96: VERANO | I96: 2021 | J96: - | K96: PYU1-I | L96: 663004 | M96: 5006228 | O96: Galaxias platei | P96: Puye | R96: Pesca eléctrica y Espineles
A97: R. EX N°E-2021-117 | B97: PHOTOSINTESIS | C97: CARACTERIZACIÓN LIMNOLÓGICA Y USO DE HÁBITATS RIBEREÑOS EN LOS LAGOS MEULLÍN, YULTON Y RÍO CUERVOS, REGIÓN DEL GRAL. CARLOS IBÁÑEZ DEL CAMPO | D97: Orcas SpA | E97: =INDEX(Sheet1!$E$23:$E$34,MATCH(A97,Sheet1!$D$23:$D$34,0)) -> Las Orcas Spa. (Photosintesis) (2021) Informe de resutados de pesca de investigación asociado al permiso SUBPESCA, R. EX N°E-2021-117. Proyecto: Caracterización limnológica y uso de hábitats ribereños en los lagos Meullín, Yulton y Río cuervos, región del General Carlos Ibáñez del Campo. Mandante: Fundación Kreen. | G97: Costeras entre Punta San Andres y Río Aisén | H97: VERANO | I97: 2021 | J97: - | K97: PYU2-I | L97: 661478 | M97: 5004801 | O97: Galaxias platei | P97: Puye | R97: Pesca eléctrica y Espineles
A98: R. EX N°E-2021-117 | B98: PHOTOSINTESIS | C98: CARACTERIZACIÓN LIMNOLÓGICA Y USO DE HÁBITATS RIBEREÑOS EN LOS LAGOS MEULLÍN, YULTON Y RÍO CUERVOS, REGIÓN DEL GRAL. CARLOS IBÁÑEZ DEL CAMPO | D98: Orcas SpA | E98: =INDEX(Sheet1!$E$23:$E$34,MATCH(A98,Sheet1!$D$23:$D$34,0)) -> Las Orcas Spa. (Photosintesis) (2021) Informe de resutados de pesca de investigación asociado al permiso SUBPESCA, R. EX N°E-2021-117. Proyecto: Caracterización limnológica y uso de hábitats ribereños en los lagos Meullín, Yulton y Río cuervos, región del General Carlos Ibáñez del Campo. Mandante: Fundación Kreen. | G98: Costeras entre Punta San Andres y Río Aisén | H98: VERANO | I98: 2021 | J98: - | K98: PYU4-I | L98: 659652 | M98: 5002057 | O98: Galaxias platei | P98: Puye | R98: Pesca eléctrica y Espineles
A99: R. EX N°E-2021-117 | B99: PHOTOSINTESIS | C99: CARACTERIZACIÓN LIMNOLÓGICA Y USO DE HÁBITATS RIBEREÑOS EN LOS LAGOS MEULLÍN, YULTON Y RÍO CUERVOS, REGIÓN DEL GRAL. CARLOS IBÁÑEZ DEL CAMPO | D99: Orcas SpA | E99: =INDEX(Sheet1!$E$23:$E$34,MATCH(A99,Sheet1!$D$23:$D$34,0)) -> Las Orcas Spa. (Photosintesis) (2021) Informe de resutados de pesca de investigación asociado al permiso SUBPESCA, R. EX N°E-2021-117. Proyecto: Caracterización limnológica y uso de hábitats ribereños en los lagos Meullín, Yulton y Río cuervos, región del General Carlos Ibáñez del Campo. Mandante: Fundación Kreen. | G99: Costeras entre Punta San Andres y Río Aisén | H99: VERANO | I99: 2021 | J99: - | K99: PYU5-I | L99: 659966 | M99: 5000844 | O99: Galaxias platei | P99: Puye | R99: Pesca eléctrica y Espineles
A100: R. EX N°E-2021-117 | B100: PHOTOSINTESIS | C100: CARACTERIZACIÓN LIMNOLÓGICA Y USO DE HÁBITATS RIBEREÑOS EN LOS LAGOS MEULLÍN, YULTON Y RÍO CUERVOS, REGIÓN DEL GRAL. CARLOS IBÁÑEZ DEL CAMPO | D100: Orcas SpA | E100: =INDEX(Sheet1!$E$23:$E$34,MATCH(A100,Sheet1!$D$23:$D$34,0)) -> Las Orcas Spa. (Photosintesis) (2021) Informe de resutados de pesca de investigación asociado al permiso SUBPESCA, R. EX N°E-2021-117. Proyecto: Caracterización limnológica y uso de hábitats ribereños en los lagos Meullín, Yulton y Río cuervos, región del General Carlos Ibáñez del Campo. Mandante: Fundación Kreen. | G100: Costeras entre Punta San Andres y Río Aisén | H100: VERANO | I100: 2021 | J100: - | K100: PYU7-I | L100: 659464 | M100: 5000134 | O100: Galaxias platei | P100: Puye | R100: Pesca eléctrica y Espineles
A101: R. EX N°E-2021-117 | B101: PHOTOSINTESIS | C101: CARACTERIZACIÓN LIMNOLÓGICA Y USO DE HÁBITATS RIBEREÑOS EN LOS LAGOS MEULLÍN, YULTON Y RÍO CUERVOS, REGIÓN DEL GRAL. CARLOS IBÁÑEZ DEL CAMPO | D101: Orcas SpA | E101: =INDEX(Sheet1!$E$23:$E$34,MATCH(A101,Sheet1!$D$23:$D$34,0)) -> Las Orcas Spa. (Photosintesis) (2021) Informe de resutados de pesca de investigación asociado al permiso SUBPESCA, R. EX N°E-2021-117. Proyecto: Caracterización limnológica y uso de hábitats ribereños en los lagos Meullín, Yulton y Río cuervos, región del General Carlos Ibáñez del Campo. Mandante: Fundación Kreen. | G101: Costeras entre Punta San Andres y Río Aisén | H101: VERANO | I101: 2021 | J101: - | K101: PYU3-L | L101: 660279 | M101: 5003060 | O101: Galaxias platei | P101: Puye | R101: Pesca eléctrica y Espineles
A102: R. EX N°E-2021-117 | B102: PHOTOSINTESIS | C102: CARACTERIZACIÓN LIMNOLÓGICA Y USO DE HÁBITATS RIBEREÑOS EN LOS LAGOS MEULLÍN, YULTON Y RÍO CUERVOS, REGIÓN DEL GRAL. CARLOS IBÁÑEZ DEL CAMPO | D102: Orcas SpA | E102: =INDEX(Sheet1!$E$23:$E$34,MATCH(A102,Sheet1!$D$23:$D$34,0)) -> Las Orcas Spa. (Photosintesis) (2021) Informe de resutados de pesca de investigación asociado al permiso SUBPESCA, R. EX N°E-2021-117. Proyecto: Caracterización limnológica y uso de hábitats ribereños en los lagos Meullín, Yulton y Río cuervos, región del General Carlos Ibáñez del Campo. Mandante: Fundación Kreen. | G102: Costeras entre Punta San Andres y Río Aisén | H102: VERANO | I102: 2021 | J102: - | K102: PYU5-L | L102: 659966 | M102: 5000844 | O102: Galaxias platei | P102: Puye | R102: Pesca eléctrica y Espineles
A103: R. EX N°E-2021-117 | B103: PHOTOSINTESIS | C103: CARACTERIZACIÓN LIMNOLÓGICA Y USO DE HÁBITATS RIBEREÑOS EN LOS LAGOS MEULLÍN, YULTON Y RÍO CUERVOS, REGIÓN DEL GRAL. CARLOS IBÁÑEZ DEL CAMPO | D103: Orcas SpA | E103: =INDEX(Sheet1!$E$23:$E$34,MATCH(A103,Sheet1!$D$23:$D$34,0)) -> Las Orcas Spa. (Photosintesis) (2021) Informe de resutados de pesca de investigación asociado al permiso SUBPESCA, R. EX N°E-2021-117. Proyecto: Caracterización limnológica y uso de hábitats ribereños en los lagos Meullín, Yulton y Río cuervos, región del General Carlos Ibáñez del Campo. Mandante: Fundación Kreen. | G103: Costeras entre Punta San Andres y Río Aisén | H103: VERANO | I103: 2021 | J103: - | K103: PYU6-L | L103: 659641 | M103: 5000316 | O103: Galaxias platei | P103: Puye | R103: Pesca eléctrica y Espineles
A104: R. EX N°E-2021-117 | B104: PHOTOSINTESIS | C104: CARACTERIZACIÓN LIMNOLÓGICA Y USO DE HÁBITATS RIBEREÑOS EN LOS LAGOS MEULLÍN, YULTON Y RÍO CUERVOS, REGIÓN DEL GRAL. CARLOS IBÁÑEZ DEL CAMPO | D104: Orcas SpA | E104: =INDEX(Sheet1!$E$23:$E$34,MATCH(A104,Sheet1!$D$23:$D$34,0)) -> Las Orcas Spa. (Photosintesis) (2021) Informe de resutados de pesca de investigación asociado al permiso SUBPESCA, R. EX N°E-2021-117. Proyecto: Caracterización limnológica y uso de hábitats ribereños en los lagos Meullín, Yulton y Río cuervos, región del General Carlos Ibáñez del Campo. Mandante: Fundación Kreen. | G104: Costeras entre Punta San Andres y Río Aisén | H104: VERANO | I104: 2021 | J104: - | K104: PYU7-L | L104: 659609 | M104: 4999666 | O104: Galaxias platei | P104: Puye | R104: Pesca eléctrica y Espineles
A105: R. EX N°E-2021-117 | B105: PHOTOSINTESIS | C105: CARACTERIZACIÓN LIMNOLÓGICA Y USO DE HÁBITATS RIBEREÑOS EN LOS LAGOS MEULLÍN, YULTON Y RÍO CUERVOS, REGIÓN DEL GRAL. CARLOS IBÁÑEZ DEL CAMPO | D105: Orcas SpA | E105: =INDEX(Sheet1!$E$23:$E$34,MATCH(A105,Sheet1!$D$23:$D$34,0)) -> Las Orcas Spa. (Photosintesis) (2021) Informe de resutados de pesca de investigación asociado al permiso SUBPESCA, R. EX N°E-2021-117. Proyecto: Caracterización limnológica y uso de hábitats ribereños en los lagos Meullín, Yulton y Río cuervos, región del General Carlos Ibáñez del Campo. Mandante: Fundación Kreen. | G105: Costeras entre Punta San Andres y Río Aisén | H105: VERANO | I105: 2021 | J105: - | K105: PYU8-L | L105: 664818 | M105: 4999917 | O105: Galaxias platei | P105: Puye | R105: Pesca eléctrica y Espineles
A106: R. EX N°E-2021-117 | B106: PHOTOSINTESIS | C106: CARACTERIZACIÓN LIMNOLÓGICA Y USO DE HÁBITATS RIBEREÑOS EN LOS LAGOS MEULLÍN, YULTON Y RÍO CUERVOS, REGIÓN DEL GRAL. CARLOS IBÁÑEZ DEL CAMPO | D106: Orcas SpA | E106: =INDEX(Sheet1!$E$23:$E$34,MATCH(A106,Sheet1!$D$23:$D$34,0)) -> Las Orcas Spa. (Photosintesis) (2021) Informe de resutados de pesca de investigación asociado al permiso SUBPESCA, R. EX N°E-2021-117. Proyecto: Caracterización limnológica y uso de hábitats ribereños en los lagos Meullín, Yulton y Río cuervos, región del General Carlos Ibáñez del Campo. Mandante: Fundación Kreen. | G106: Costeras entre Punta San Andres y Río Aisén | H106: VERANO | I106: 2021 | J106: - | K106: PYU9-L | L106: 664490 | M106: 4998584 | O106: Galaxias platei | P106: Puye | R106: Pesca eléctrica y Espineles
A107: R. EX N°E-2021-117 | B107: PHOTOSINTESIS | C107: CARACTERIZACIÓN LIMNOLÓGICA Y USO DE HÁBITATS RIBEREÑOS EN LOS LAGOS MEULLÍN, YULTON Y RÍO CUERVOS, REGIÓN DEL GRAL. CARLOS IBÁÑEZ DEL CAMPO | D107: Orcas SpA | E107: =INDEX(Sheet1!$E$23:$E$34,MATCH(A107,Sheet1!$D$23:$D$34,0)) -> Las Orcas Spa. (Photosintesis) (2021) Informe de resutados de pesca de investigación asociado al permiso SUBPESCA, R. EX N°E-2021-117. Proyecto: Caracterización limnológica y uso de hábitats ribereños en los lagos Meullín, Yulton y Río cuervos, región del General Carlos Ibáñez del Campo. Mandante: Fundación Kreen. | G107: Costeras entre Punta San Andres y Río Aisén | H107: VERANO | I107: 2021 | J107: - | K107: PYU10-P | L107: 660574 | M107: 5000239 | O107: Galaxias platei | P107: Puye | R107: Pesca eléctrica y Espineles
... A134: R. EX N°E-2021-117 | B134: PHOTOSINTESIS | C134: CARACTERIZACIÓN LIMNOLÓGICA Y USO DE HÁBITATS RIBEREÑOS EN LOS LAGOS MEULLÍN, YULTON Y RÍO CUERVOS, REGIÓN DEL GRAL. CARLOS IBÁÑEZ DEL CAMPO | D134: Orcas SpA | E134: =INDEX(Sheet1!$E$23:$E$34,MATCH(A134,Sheet1!$D$23:$D$34,0)) -> Las Orcas Spa. (Photosintesis) (2021) Informe de resutados de pesca de investigación asociado al permiso SUBPESCA, R. EX N°E-2021-117. Proyecto: Caracterización limnológica y uso de hábitats ribereños en los lagos Meullín, Yulton y Río cuervos, región del General Carlos Ibáñez del Campo. Mandante: Fundación Kreen. | G134: Río Aisén entre Río Riesco y Desembocadura | H134: VERANO | I134: 2021 | J134: - | K134: T3 | L134: 677656 | M134: 4981757 | O134: Salmo trutta | P134: trucha café | R134: Pesca eléctrica y Espineles
...
