Workbook

Sheet Matriz de homologacion
B1: En esta página se intersectan dos tablas creando una matriz de homologación de campos. Por una parte, se incluye un tabla (destacada en azul) de campos del Darwin Core Standard (DwC) con definiciones, etiquetas y ejemplos (ver fuente en hoja "DwC field vocabulary"). Esta tabla contiene 179 campos (https://github.com/tdwg/dwc/blob/master/vocabulary/term_versions.csv) de los cuales una frcción (c. 30) fue etiquetada con algún grado de prioridad para los efectos de este proyecto, especialmente aquellos destacados por la red GBIF como campos primarios y campos obligatorios (columna "Prioridad campo (MB_CC)". Por otra parte, se incluye una tabla (verde) con cerca de una decena de conjuntos de datos de registros de peces que intentamos consolidar en una sola base de datos. Los conjuntos de datos fueros listados en columnas, y sus descriptores en filas. Una tercera tabla (naranjo) consiste en la intersección de las dos tablas anteriores, que conforma la tabla de homologación. En esta, se especifica el nombre de cada campo de cada conjunto de datos en la fila que corresponde al nombre de campo del DwC. De este modo se documentan la forma en que los distintos conjuntos de datos fueron combinados en una base de datos que cumple con el DwC.
I3: Priority | J3: 1 | K3: 2 | L3: 3 | M3: 3 | N3: 4 | O3: 5 | P3: 6 | Q3: 7 | R3: 8 | S3: 9
I4: Database Name | J4: Fish Database_CCorrea | K4: Darwin Initiative Fish Atlas | L4: NEODATII_Dyer | M4: metaDatabase_CCorrea | O4: Base de Datos MMA | P4: Los Peces de Argentina | Q4: Cussac 2004 | R4: Pew_Mary_Aguilar | S4: Aplochiton | V4: Consolidated DB
I5: Type of Database | J5: Empírico | K5: Empírico | L5: Empírico-Colección museo | M5: Revisión biblio | O5: Revisión biblio | P5: ? | Q5: ? | R5: Bases de datos | S5: Revisión y empírico
I6: Comentarios | Q6: Fueron ingresados por Mary, salvo un punto de aplochiton
I7: Fuente o Referancia | J7: Correa & Boisjoly, base de datos y colección. | K7: Carlos García de Leániz (PI), Gonzalo Gajardo, et al. Department for Environment Food and Rural Affairs (DEFRA, UK). Darwin Initiative Grants 15020 and EIDPO041.
I8: Número de registros totales
I9: Número de registros exclusivos
A10: Capos del DwC numerados | B10: Darwin Core Terms (DwC) | C10: label (DwC) | D10: Prioridad campo (MB_CC) | E10: status (DwC) | F10: definition (DwC) | G10: comments (DwC) | H10: example (DwC)
A11: 1 | B11: type | C11: =INDEX('DwC attribute vocabulary'!$D$3:$D$903,MATCH(B11,'DwC attribute vocabulary'!$C$3:$C$903, 0)) -> Type | E11: =INDEX('DwC attribute vocabulary'!$J$3:$J$903,MATCH(B11,'DwC attribute vocabulary'!$C$3:$C$903, 0)) -> recommended | F11: =INDEX('DwC attribute vocabulary'!$E$3:$E$903,MATCH(B11,'DwC attribute vocabulary'!$C$3:$C$903, 0)) -> The nature or genre of the resource. | G11: =INDEX('DwC attribute vocabulary'!$F$3:$F$903,MATCH($B11,'DwC attribute vocabulary'!$C$3:$C$903, 0)) -> Must be populated with a value from the DCMI type vocabulary (http://dublincore.org/documents/2010/10/11/dcmi-type-vocabulary/). | H11: =INDEX('DwC attribute vocabulary'!$G$3:$G$903,MATCH($B11,'DwC attribute vocabulary'!$C$3:$C$903, 0)) -> `StillImage`; `MovingImage`; `Sound`; `PhysicalObject`; `Event`; `Text`
A12: 2 | B12: modified | C12: =INDEX('DwC attribute vocabulary'!$D$3:$D$903,MATCH(B12,'DwC attribute vocabulary'!$C$3:$C$903, 0)) -> Date Modified | E12: =INDEX('DwC attribute vocabulary'!$J$3:$J$903,MATCH(B12,'DwC attribute vocabulary'!$C$3:$C$903, 0)) -> recommended | F12: =INDEX('DwC attribute vocabulary'!$E$3:$E$903,MATCH(B12,'DwC attribute vocabulary'!$C$3:$C$903, 0)) -> The most recent date-time on which the resource was changed. | G12: =INDEX('DwC attribute vocabulary'!$F$3:$F$903,MATCH($B12,'DwC attribute vocabulary'!$C$3:$C$903, 0)) -> Recommended best practice is to use a date that conforms to ISO 8601-1:2019. | H12: =INDEX('DwC attribute vocabulary'!$G$3:$G$903,MATCH($B12,'DwC attribute vocabulary'!$C$3:$C$903, 0)) -> `1963-03-08T14:07-0600` (8 Mar 1963 at 2:07pm in the time zone six hours earlier than UTC); `2009-02-20T08:40Z` (20 February 2009 8:40am UTC); `2018-08-29T15:19` (3:19pm local time on 29 August 2018); `1809-02-12` (some time during 12 February 1809); `1906-06` (some time in June 1906); `1971` (some time in the year 1971); `2007-03-01T13:00:00Z/2008-05-11T15:30:00Z` (some time during the interval between 1 March 2007 1pm UTC and 11 May 2008 3:30pm UTC); `1900/1909` (some time during the interval between the beginning of the year 1900 and the end of the year 1909); `2007-11-13/15` (some time in the interval between 13 November 2007 and 15 November 2007)
A13: 3 | B13: language | C13: =INDEX('DwC attribute vocabulary'!$D$3:$D$903,MATCH(B13,'DwC attribute vocabulary'!$C$3:$C$903, 0)) -> Language | E13: =INDEX('DwC attribute vocabulary'!$J$3:$J$903,MATCH(B13,'DwC attribute vocabulary'!$C$3:$C$903, 0)) -> recommended | F13: =INDEX('DwC attribute vocabulary'!$E$3:$E$903,MATCH(B13,'DwC attribute vocabulary'!$C$3:$C$903, 0)) -> A language of the resource. | G13: =INDEX('DwC attribute vocabulary'!$F$3:$F$903,MATCH($B13,'DwC attribute vocabulary'!$C$3:$C$903, 0)) -> Recommended best practice is to use a controlled vocabulary such as RFC 5646. | H13: =INDEX('DwC attribute vocabulary'!$G$3:$G$903,MATCH($B13,'DwC attribute vocabulary'!$C$3:$C$903, 0)) -> `en` (for English); `es` (for Spanish)
A14: 4 | B14: license | C14: =INDEX('DwC attribute vocabulary'!$D$3:$D$903,MATCH(B14,'DwC attribute vocabulary'!$C$3:$C$903, 0)) -> License | D14: Include if necessary | E14: =INDEX('DwC attribute vocabulary'!$J$3:$J$903,MATCH(B14,'DwC attribute vocabulary'!$C$3:$C$903, 0)) -> recommended | F14: =INDEX('DwC attribute vocabulary'!$E$3:$E$903,MATCH(B14,'DwC attribute vocabulary'!$C$3:$C$903, 0)) -> A legal document giving official permission to do something with the resource. | G14: =INDEX('DwC attribute vocabulary'!$F$3:$F$903,MATCH($B14,'DwC attribute vocabulary'!$C$3:$C$903, 0)) -> 0 | H14: =INDEX('DwC attribute vocabulary'!$G$3:$G$903,MATCH($B14,'DwC attribute vocabulary'!$C$3:$C$903, 0)) -> `http://creativecommons.org/publicdomain/zero/1.0/legalcode`; `http://creativecommons.org/licenses/by/4.0/legalcode`
A15: 5 | B15: rightsHolder | C15: =INDEX('DwC attribute vocabulary'!$D$3:$D$903,MATCH(B15,'DwC attribute vocabulary'!$C$3:$C$903, 0)) -> Rights Holder | D15: Include if possible | E15: =INDEX('DwC attribute vocabulary'!$J$3:$J$903,MATCH(B15,'DwC attribute vocabulary'!$C$3:$C$903, 0)) -> recommended | F15: =INDEX('DwC attribute vocabulary'!$E$3:$E$903,MATCH(B15,'DwC attribute vocabulary'!$C$3:$C$903, 0)) -> A person or organization owning or managing rights over the resource. | G15: =INDEX('DwC attribute vocabulary'!$F$3:$F$903,MATCH($B15,'DwC attribute vocabulary'!$C$3:$C$903, 0)) -> 0 | H15: =INDEX('DwC attribute vocabulary'!$G$3:$G$903,MATCH($B15,'DwC attribute vocabulary'!$C$3:$C$903, 0)) -> `The Regents of the University of California`
A16: 6 | B16: accessRights | C16: =INDEX('DwC attribute vocabulary'!$D$3:$D$903,MATCH(B16,'DwC attribute vocabulary'!$C$3:$C$903, 0)) -> Access Rights | D16: Include if necessary | E16: =INDEX('DwC attribute vocabulary'!$J$3:$J$903,MATCH(B16,'DwC attribute vocabulary'!$C$3:$C$903, 0)) -> recommended | F16: =INDEX('DwC attribute vocabulary'!$E$3:$E$903,MATCH(B16,'DwC attribute vocabulary'!$C$3:$C$903, 0)) -> Information about who can access the resource or an indication of its security status. | G16: =INDEX('DwC attribute vocabulary'!$F$3:$F$903,MATCH($B16,'DwC attribute vocabulary'!$C$3:$C$903, 0)) -> Access Rights may include information regarding access or restrictions based on privacy, security, or other policies. | H16: =INDEX('DwC attribute vocabulary'!$G$3:$G$903,MATCH($B16,'DwC attribute vocabulary'!$C$3:$C$903, 0)) -> `not-for-profit use only`; `https://www.fieldmuseum.org/field-museum-natural-history-conditions-and-suggested-norms-use-collections-data-and-images`
A17: 7 | B17: bibliographicCitation | C17: =INDEX('DwC attribute vocabulary'!$D$3:$D$903,MATCH(B17,'DwC attribute vocabulary'!$C$3:$C$903, 0)) -> Bibliographic Citation | D17: Include if possible | E17: =INDEX('DwC attribute vocabulary'!$J$3:$J$903,MATCH(B17,'DwC attribute vocabulary'!$C$3:$C$903, 0)) -> recommended | F17: =INDEX('DwC attribute vocabulary'!$E$3:$E$903,MATCH(B17,'DwC attribute vocabulary'!$C$3:$C$903, 0)) -> A bibliographic reference for the resource as a statement indicating how this record should be cited (attributed) when used. | G17: =INDEX('DwC attribute vocabulary'!$F$3:$F$903,MATCH($B17,'DwC attribute vocabulary'!$C$3:$C$903, 0)) -> From Dublin Core, "Recommended practice is to include sufficient bibliographic detail to identify the resource as unambiguously as possible." The intended usage of this term in Darwin Core is to provide the preferred way to cite the resource itself - "how to cite this record". Note that the intended usage of dcterms:references in Darwin Core, by contrast, is to point to the definitive source representation of the resource - "where to find the as-close-to-original reference, if one is available. | H17: =INDEX('DwC attribute vocabulary'!$G$3:$G$903,MATCH($B17,'DwC attribute vocabulary'!$C$3:$C$903, 0)) -> Occurrence example: `Museum of Vertebrate Zoology, UC Berkeley. MVZ Mammal Collection (Arctos). Record ID: http://arctos.database.museum/guid/MVZ:Mamm:165861?seid=101356. Source: http://ipt.vertnet.org:8080/ipt/resource.do?r=mvz_mammal.`; Taxon example: `https://www.gbif.org/species/2439608 Source: GBIF Taxonomic Backbone`; Event example: `Rand, K.M., Logerwell, E.A. The first demersal trawl survey of benthic fish and invertebrates in the Beaufort Sea since the late 1970s. Polar Biol 34, 475–488 (2011). https://doi.org/10.1007/s00300-010-0900-2`
A18: 8 | B18: references | C18: =INDEX('DwC attribute vocabulary'!$D$3:$D$903,MATCH(B18,'DwC attribute vocabulary'!$C$3:$C$903, 0)) -> References | E18: =INDEX('DwC attribute vocabulary'!$J$3:$J$903,MATCH(B18,'DwC attribute vocabulary'!$C$3:$C$903, 0)) -> recommended | F18: =INDEX('DwC attribute vocabulary'!$E$3:$E$903,MATCH(B18,'DwC attribute vocabulary'!$C$3:$C$903, 0)) -> A related resource that is referenced, cited, or otherwise pointed to by the described resource. | G18: =INDEX('DwC attribute vocabulary'!$F$3:$F$903,MATCH($B18,'DwC attribute vocabulary'!$C$3:$C$903, 0)) -> From Dublin Core, "This property is intended to be used with non-literal values. This property is an inverse property of Is Referenced By." The intended usage of this term in Darwin Core is to point to the definitive source representation of the resource (e.g., Taxon, Occurrence, Event in Darwin Core), if one is available. Note that the intended usage of dcterms:bibliographicCitation in Darwin Core, by contrast, is to provide the preferred way to cite the resource itself. | H18: =INDEX('DwC attribute vocabulary'!$G$3:$G$903,MATCH($B18,'DwC attribute vocabulary'!$C$3:$C$903, 0)) -> MaterialSample example: `http://arctos.database.museum/guid/MVZ:Mamm:165861`; Taxon example: `https://www.catalogueoflife.org/data/taxon/32664`
A19: 9 | B19: institutionID | C19: =INDEX('DwC attribute vocabulary'!$D$3:$D$903,MATCH(B19,'DwC attribute vocabulary'!$C$3:$C$903, 0)) -> Institution ID | D19: For voucher specimens | E19: =INDEX('DwC attribute vocabulary'!$J$3:$J$903,MATCH(B19,'DwC attribute vocabulary'!$C$3:$C$903, 0)) -> recommended | F19: =INDEX('DwC attribute vocabulary'!$E$3:$E$903,MATCH(B19,'DwC attribute vocabulary'!$C$3:$C$903, 0)) -> An identifier for the institution having custody of the object(s) or information referred to in the record. | G19: =INDEX('DwC attribute vocabulary'!$F$3:$F$903,MATCH($B19,'DwC attribute vocabulary'!$C$3:$C$903, 0)) -> For physical specimens, the recommended best practice is to use an identifier from a collections registry such as the Global Registry of Biodiversity Repositories (http://grbio.org/). | H19: =INDEX('DwC attribute vocabulary'!$G$3:$G$903,MATCH($B19,'DwC attribute vocabulary'!$C$3:$C$903, 0)) -> `http://biocol.org/urn:lsid:biocol.org:col:34777`; `http://grbio.org/cool/km06-gtbn`
A20: 10 | B20: collectionID | C20: =INDEX('DwC attribute vocabulary'!$D$3:$D$903,MATCH(B20,'DwC attribute vocabulary'!$C$3:$C$903, 0)) -> Collection ID | D20: For voucher specimens | E20: =INDEX('DwC attribute vocabulary'!$J$3:$J$903,MATCH(B20,'DwC attribute vocabulary'!$C$3:$C$903, 0)) -> recommended | F20: =INDEX('DwC attribute vocabulary'!$E$3:$E$903,MATCH(B20,'DwC attribute vocabulary'!$C$3:$C$903, 0)) -> An identifier for the collection or dataset from which the record was derived. | G20: =INDEX('DwC attribute vocabulary'!$F$3:$F$903,MATCH($B20,'DwC attribute vocabulary'!$C$3:$C$903, 0)) -> For physical specimens, the recommended best practice is to use an identifier from a collections registry such as the Global Registry of Biodiversity Repositories (http://grbio.org/). | H20: =INDEX('DwC attribute vocabulary'!$G$3:$G$903,MATCH($B20,'DwC attribute vocabulary'!$C$3:$C$903, 0)) -> `http://biocol.org/urn:lsid:biocol.org:col:1001`; `http://grbio.org/cool/p5fp-c036`
A21: 11 | B21: datasetID | C21: =INDEX('DwC attribute vocabulary'!$D$3:$D$903,MATCH(B21,'DwC attribute vocabulary'!$C$3:$C$903, 0)) -> Dataset ID | E21: =INDEX('DwC attribute vocabulary'!$J$3:$J$903,MATCH(B21,'DwC attribute vocabulary'!$C$3:$C$903, 0)) -> recommended | F21: =INDEX('DwC attribute vocabulary'!$E$3:$E$903,MATCH(B21,'DwC attribute vocabulary'!$C$3:$C$903, 0)) -> An identifier for the set of data. May be a global unique identifier or an identifier specific to a collection or institution. | G21: =INDEX('DwC attribute vocabulary'!$F$3:$F$903,MATCH($B21,'DwC attribute vocabulary'!$C$3:$C$903, 0)) -> 0 | H21: =INDEX('DwC attribute vocabulary'!$G$3:$G$903,MATCH($B21,'DwC attribute vocabulary'!$C$3:$C$903, 0)) -> `b15d4952-7d20-46f1-8a3e-556a512b04c5`
A22: 12 | B22: institutionCode | C22: =INDEX('DwC attribute vocabulary'!$D$3:$D$903,MATCH(B22,'DwC attribute vocabulary'!$C$3:$C$903, 0)) -> Institution Code | D22: GBIF Primary field and necessary for GBIF indexing | E22: =INDEX('DwC attribute vocabulary'!$J$3:$J$903,MATCH(B22,'DwC attribute vocabulary'!$C$3:$C$903, 0)) -> recommended | F22: =INDEX('DwC attribute vocabulary'!$E$3:$E$903,MATCH(B22,'DwC attribute vocabulary'!$C$3:$C$903, 0)) -> The name (or acronym) in use by the institution having custody of the object(s) or information referred to in the record. | G22: =INDEX('DwC attribute vocabulary'!$F$3:$F$903,MATCH($B22,'DwC attribute vocabulary'!$C$3:$C$903, 0)) -> 0 | H22: =INDEX('DwC attribute vocabulary'!$G$3:$G$903,MATCH($B22,'DwC attribute vocabulary'!$C$3:$C$903, 0)) -> `MVZ`; `FMNH`; `CLO`; `UCMP`
A23: 13 | B23: collectionCode | C23: =INDEX('DwC attribute vocabulary'!$D$3:$D$903,MATCH(B23,'DwC attribute vocabulary'!$C$3:$C$903, 0)) -> Collection Code | D23: GBIF Primary field and necessary for GBIF indexing | E23: =INDEX('DwC attribute vocabulary'!$J$3:$J$903,MATCH(B23,'DwC attribute vocabulary'!$C$3:$C$903, 0)) -> recommended | F23: =INDEX('DwC attribute vocabulary'!$E$3:$E$903,MATCH(B23,'DwC attribute vocabulary'!$C$3:$C$903, 0)) -> The name, acronym, coden, or initialism identifying the collection or data set from which the record was derived. | G23: =INDEX('DwC attribute vocabulary'!$F$3:$F$903,MATCH($B23,'DwC attribute vocabulary'!$C$3:$C$903, 0)) -> 0 | H23: =INDEX('DwC attribute vocabulary'!$G$3:$G$903,MATCH($B23,'DwC attribute vocabulary'!$C$3:$C$903, 0)) -> `Mammals`; `Hildebrandt`; `EBIRD`; `VP`
A24: 14 | B24: datasetName | C24: =INDEX('DwC attribute vocabulary'!$D$3:$D$903,MATCH(B24,'DwC attribute vocabulary'!$C$3:$C$903, 0)) -> Dataset Name | D24: Include if possible | E24: =INDEX('DwC attribute vocabulary'!$J$3:$J$903,MATCH(B24,'DwC attribute vocabulary'!$C$3:$C$903, 0)) -> recommended | F24: =INDEX('DwC attribute vocabulary'!$E$3:$E$903,MATCH(B24,'DwC attribute vocabulary'!$C$3:$C$903, 0)) -> The name identifying the data set from which the record was derived. | G24: =INDEX('DwC attribute vocabulary'!$F$3:$F$903,MATCH($B24,'DwC attribute vocabulary'!$C$3:$C$903, 0)) -> 0 | H24: =INDEX('DwC attribute vocabulary'!$G$3:$G$903,MATCH($B24,'DwC attribute vocabulary'!$C$3:$C$903, 0)) -> `Grinnell Resurvey Mammals`; `Lacey Ctenomys Recaptures`
A25: 15 | B25: ownerInstitutionCode | C25: =INDEX('DwC attribute vocabulary'!$D$3:$D$903,MATCH(B25,'DwC attribute vocabulary'!$C$3:$C$903, 0)) -> Owner Institution Code | E25: =INDEX('DwC attribute vocabulary'!$J$3:$J$903,MATCH(B25,'DwC attribute vocabulary'!$C$3:$C$903, 0)) -> recommended | F25: =INDEX('DwC attribute vocabulary'!$E$3:$E$903,MATCH(B25,'DwC attribute vocabulary'!$C$3:$C$903, 0)) -> The name (or acronym) in use by the institution having ownership of the object(s) or information referred to in the record. | G25: =INDEX('DwC attribute vocabulary'!$F$3:$F$903,MATCH($B25,'DwC attribute vocabulary'!$C$3:$C$903, 0)) -> 0 | H25: =INDEX('DwC attribute vocabulary'!$G$3:$G$903,MATCH($B25,'DwC attribute vocabulary'!$C$3:$C$903, 0)) -> `NPS`; `APN`; `InBio`
A26: 16 | B26: basisOfRecord | C26: =INDEX('DwC attribute vocabulary'!$D$3:$D$903,MATCH(B26,'DwC attribute vocabulary'!$C$3:$C$903, 0)) -> Basis of Record | D26: GBIF Primary field and necessary for GBIF indexing | E26: =INDEX('DwC attribute vocabulary'!$J$3:$J$903,MATCH(B26,'DwC attribute vocabulary'!$C$3:$C$903, 0)) -> recommended | F26: =INDEX('DwC attribute vocabulary'!$E$3:$E$903,MATCH(B26,'DwC attribute vocabulary'!$C$3:$C$903, 0)) -> The specific nature of the data record. | G26: =INDEX('DwC attribute vocabulary'!$F$3:$F$903,MATCH($B26,'DwC attribute vocabulary'!$C$3:$C$903, 0)) -> Recommended best practice is to use the standard label of one of the Darwin Core classes. | H26: =INDEX('DwC attribute vocabulary'!$G$3:$G$903,MATCH($B26,'DwC attribute vocabulary'!$C$3:$C$903, 0)) -> `PreservedSpecimen`; `FossilSpecimen`; `LivingSpecimen`; `MaterialSample`; `Event`; `HumanObservation`; `MachineObservation`; `Taxon`; `Occurrence`; `MaterialCitation`
A27: 17 | B27: informationWithheld | C27: =INDEX('DwC attribute vocabulary'!$D$3:$D$903,MATCH(B27,'DwC attribute vocabulary'!$C$3:$C$903, 0)) -> Information Withheld | E27: =INDEX('DwC attribute vocabulary'!$J$3:$J$903,MATCH(B27,'DwC attribute vocabulary'!$C$3:$C$903, 0)) -> recommended | F27: =INDEX('DwC attribute vocabulary'!$E$3:$E$903,MATCH(B27,'DwC attribute vocabulary'!$C$3:$C$903, 0)) -> Additional information that exists, but that has not been shared in the given record. | G27: =INDEX('DwC attribute vocabulary'!$F$3:$F$903,MATCH($B27,'DwC attribute vocabulary'!$C$3:$C$903, 0)) -> 0 | H27: =INDEX('DwC attribute vocabulary'!$G$3:$G$903,MATCH($B27,'DwC attribute vocabulary'!$C$3:$C$903, 0)) -> `location information not given for endangered species`; `collector identities withheld | ask about tissue samples`
A28: 18 | B28: dataGeneralizations | C28: =INDEX('DwC attribute vocabulary'!$D$3:$D$903,MATCH(B28,'DwC attribute vocabulary'!$C$3:$C$903, 0)) -> Data Generalizations | E28: =INDEX('DwC attribute vocabulary'!$J$3:$J$903,MATCH(B28,'DwC attribute vocabulary'!$C$3:$C$903, 0)) -> recommended | F28: =INDEX('DwC attribute vocabulary'!$E$3:$E$903,MATCH(B28,'DwC attribute vocabulary'!$C$3:$C$903, 0)) -> Actions taken to make the shared data less specific or complete than in its original form. Suggests that alternative data of higher quality may be available on request. | G28: =INDEX('DwC attribute vocabulary'!$F$3:$F$903,MATCH($B28,'DwC attribute vocabulary'!$C$3:$C$903, 0)) -> 0 | H28: =INDEX('DwC attribute vocabulary'!$G$3:$G$903,MATCH($B28,'DwC attribute vocabulary'!$C$3:$C$903, 0)) -> `Coordinates generalized from original GPS coordinates to the nearest half degree grid cell`
A29: 19 | B29: dynamicProperties | C29: =INDEX('DwC attribute vocabulary'!$D$3:$D$903,MATCH(B29,'DwC attribute vocabulary'!$C$3:$C$903, 0)) -> Dynamic Properties | E29: =INDEX('DwC attribute vocabulary'!$J$3:$J$903,MATCH(B29,'DwC attribute vocabulary'!$C$3:$C$903, 0)) -> recommended | F29: =INDEX('DwC attribute vocabulary'!$E$3:$E$903,MATCH(B29,'DwC attribute vocabulary'!$C$3:$C$903, 0)) -> A list of additional measurements, facts, characteristics, or assertions about the record. Meant to provide a mechanism for structured content. | G29: =INDEX('DwC attribute vocabulary'!$F$3:$F$903,MATCH($B29,'DwC attribute vocabulary'!$C$3:$C$903, 0)) -> Recommended best practice is to use a key:value encoding schema for a data interchange format such as JSON. | H29: =INDEX('DwC attribute vocabulary'!$G$3:$G$903,MATCH($B29,'DwC attribute vocabulary'!$C$3:$C$903, 0)) -> `{"heightInMeters":1.5}`; `{"tragusLengthInMeters":0.014, "weightInGrams":120}`; `{"natureOfID":"expert identification", "identificationEvidence":"cytochrome B sequence"}`; `{"relativeHumidity":28, "airTemperatureInCelsius":22, "sampleSizeInKilograms":10}`; `{"aspectHeading":277, "slopeInDegrees":6}`; `{"iucnStatus":"vulnerable", "taxonDistribution":"Neuquén, Argentina"}`
A30: 20 | B30: occurrenceID | C30: =INDEX('DwC attribute vocabulary'!$D$3:$D$903,MATCH(B30,'DwC attribute vocabulary'!$C$3:$C$903, 0)) -> Occurrence ID | D30: GBIF Primary field | E30: =INDEX('DwC attribute vocabulary'!$J$3:$J$903,MATCH(B30,'DwC attribute vocabulary'!$C$3:$C$903, 0)) -> recommended | F30: =INDEX('DwC attribute vocabulary'!$E$3:$E$903,MATCH(B30,'DwC attribute vocabulary'!$C$3:$C$903, 0)) -> An identifier for the Occurrence (as opposed to a particular digital record of the occurrence). In the absence of a persistent global unique identifier, construct one from a combination of identifiers in the record that will most closely make the occurrenceID globally unique. | G30: =INDEX('DwC attribute vocabulary'!$F$3:$F$903,MATCH($B30,'DwC attribute vocabulary'!$C$3:$C$903, 0)) -> Recommended best practice is to use a persistent, globally unique identifier. | H30: =INDEX('DwC attribute vocabulary'!$G$3:$G$903,MATCH($B30,'DwC attribute vocabulary'!$C$3:$C$903, 0)) -> `http://arctos.database.museum/guid/MSB:Mamm:233627`; `000866d2-c177-4648-a200-ead4007051b9`; `urn:catalog:UWBM:Bird:89776`
A31: 21 | B31: catalogNumber | C31: =INDEX('DwC attribute vocabulary'!$D$3:$D$903,MATCH(B31,'DwC attribute vocabulary'!$C$3:$C$903, 0)) -> Catalog Number | D31: GBIF Primary field and necessary for GBIF indexing | E31: =INDEX('DwC attribute vocabulary'!$J$3:$J$903,MATCH(B31,'DwC attribute vocabulary'!$C$3:$C$903, 0)) -> recommended | F31: =INDEX('DwC attribute vocabulary'!$E$3:$E$903,MATCH(B31,'DwC attribute vocabulary'!$C$3:$C$903, 0)) -> An identifier (preferably unique) for the record within the data set or collection. | G31: =INDEX('DwC attribute vocabulary'!$F$3:$F$903,MATCH($B31,'DwC attribute vocabulary'!$C$3:$C$903, 0)) -> 0 | H31: =INDEX('DwC attribute vocabulary'!$G$3:$G$903,MATCH($B31,'DwC attribute vocabulary'!$C$3:$C$903, 0)) -> `145732`; `145732a`; `2008.1334`; `R-4313`
A32: 22 | B32: recordNumber | C32: =INDEX('DwC attribute vocabulary'!$D$3:$D$903,MATCH(B32,'DwC attribute vocabulary'!$C$3:$C$903, 0)) -> Record Number | D32: Include if possible | E32: =INDEX('DwC attribute vocabulary'!$J$3:$J$903,MATCH(B32,'DwC attribute vocabulary'!$C$3:$C$903, 0)) -> recommended | F32: =INDEX('DwC attribute vocabulary'!$E$3:$E$903,MATCH(B32,'DwC attribute vocabulary'!$C$3:$C$903, 0)) -> An identifier given to the Occurrence at the time it was recorded. Often serves as a link between field notes and an Occurrence record, such as a specimen collector's number. | G32: =INDEX('DwC attribute vocabulary'!$F$3:$F$903,MATCH($B32,'DwC attribute vocabulary'!$C$3:$C$903, 0)) -> 0 | H32: =INDEX('DwC attribute vocabulary'!$G$3:$G$903,MATCH($B32,'DwC attribute vocabulary'!$C$3:$C$903, 0)) -> `OPP 7101`
A33: 23 | B33: recordedBy | C33: =INDEX('DwC attribute vocabulary'!$D$3:$D$903,MATCH(B33,'DwC attribute vocabulary'!$C$3:$C$903, 0)) -> Recorded By | D33: GBIF Primary field | E33: =INDEX('DwC attribute vocabulary'!$J$3:$J$903,MATCH(B33,'DwC attribute vocabulary'!$C$3:$C$903, 0)) -> recommended | F33: =INDEX('DwC attribute vocabulary'!$E$3:$E$903,MATCH(B33,'DwC attribute vocabulary'!$C$3:$C$903, 0)) -> A list (concatenated and separated) of names of people, groups, or organizations responsible for recording the original Occurrence. The primary collector or observer, especially one who applies a personal identifier (recordNumber), should be listed first. | G33: =INDEX('DwC attribute vocabulary'!$F$3:$F$903,MATCH($B33,'DwC attribute vocabulary'!$C$3:$C$903, 0)) -> Recommended best practice is to separate the values in a list with space vertical bar space (` | `). | H33: =INDEX('DwC attribute vocabulary'!$G$3:$G$903,MATCH($B33,'DwC attribute vocabulary'!$C$3:$C$903, 0)) -> `José E. Crespo`; `Oliver P. Pearson | Anita K. Pearson` (where the value in recordNumber `OPP 7101` corresponds to the collector number for the specimen in the field catalog of Oliver P. Pearson)
A34: 24 | B34: recordedByID | C34: =INDEX('DwC attribute vocabulary'!$D$3:$D$903,MATCH(B34,'DwC attribute vocabulary'!$C$3:$C$903, 0)) -> Recorded By ID | E34: =INDEX('DwC attribute vocabulary'!$J$3:$J$903,MATCH(B34,'DwC attribute vocabulary'!$C$3:$C$903, 0)) -> recommended | F34: =INDEX('DwC attribute vocabulary'!$E$3:$E$903,MATCH(B34,'DwC attribute vocabulary'!$C$3:$C$903, 0)) -> A list (concatenated and separated) of the globally unique identifier for the person, people, groups, or organizations responsible for recording the original Occurrence. | G34: =INDEX('DwC attribute vocabulary'!$F$3:$F$903,MATCH($B34,'DwC attribute vocabulary'!$C$3:$C$903, 0)) -> Recommended best practice is to provide a single identifier that disambiguates the details of the identifying agent. If a list is used, it is recommended to separate the values in the list with space vertical bar space (` | `). The order of the identifiers on any list for this term can not be guaranteed to convey any semantics. | H34: =INDEX('DwC attribute vocabulary'!$G$3:$G$903,MATCH($B34,'DwC attribute vocabulary'!$C$3:$C$903, 0)) -> `https://orcid.org/0000-0002-1825-0097` (for an individual); `https://orcid.org/0000-0002-1825-0097 | https://orcid.org/0000-0002-1825-0098` (for a list of people)
A35: 25 | B35: individualCount | C35: =INDEX('DwC attribute vocabulary'!$D$3:$D$903,MATCH(B35,'DwC attribute vocabulary'!$C$3:$C$903, 0)) -> Individual Count | D35: Include if possible | E35: =INDEX('DwC attribute vocabulary'!$J$3:$J$903,MATCH(B35,'DwC attribute vocabulary'!$C$3:$C$903, 0)) -> recommended | F35: =INDEX('DwC attribute vocabulary'!$E$3:$E$903,MATCH(B35,'DwC attribute vocabulary'!$C$3:$C$903, 0)) -> The number of individuals present at the time of the Occurrence. | G35: =INDEX('DwC attribute vocabulary'!$F$3:$F$903,MATCH($B35,'DwC attribute vocabulary'!$C$3:$C$903, 0)) -> 0 | H35: =INDEX('DwC attribute vocabulary'!$G$3:$G$903,MATCH($B35,'DwC attribute vocabulary'!$C$3:$C$903, 0)) -> `0`; `1`; `25`
A36: 26 | B36: organismQuantity | C36: =INDEX('DwC attribute vocabulary'!$D$3:$D$903,MATCH(B36,'DwC attribute vocabulary'!$C$3:$C$903, 0)) -> Organism Quantity | D36: Include if possible | E36: =INDEX('DwC attribute vocabulary'!$J$3:$J$903,MATCH(B36,'DwC attribute vocabulary'!$C$3:$C$903, 0)) -> recommended | F36: =INDEX('DwC attribute vocabulary'!$E$3:$E$903,MATCH(B36,'DwC attribute vocabulary'!$C$3:$C$903, 0)) -> A number or enumeration value for the quantity of organisms. | G36: =INDEX('DwC attribute vocabulary'!$F$3:$F$903,MATCH($B36,'DwC attribute vocabulary'!$C$3:$C$903, 0)) -> An organismQuantity must have a corresponding organismQuantityType. | H36: =INDEX('DwC attribute vocabulary'!$G$3:$G$903,MATCH($B36,'DwC attribute vocabulary'!$C$3:$C$903, 0)) -> `27` (organismQuantity) with `individuals` (organismQuantityType); `12.5` (organismQuantity) with `% biomass` (organismQuantityType); `r` (organismQuantity) with `Braun Blanquet Scale` (organismQuantityType); `many` (organismQuantity) with `individuals` (organismQuantityType)
A37: 27 | B37: organismQuantityType | C37: =INDEX('DwC attribute vocabulary'!$D$3:$D$903,MATCH(B37,'DwC attribute vocabulary'!$C$3:$C$903, 0)) -> Organism Quantity Type | D37: Include if possible | E37: =INDEX('DwC attribute vocabulary'!$J$3:$J$903,MATCH(B37,'DwC attribute vocabulary'!$C$3:$C$903, 0)) -> recommended | F37: =INDEX('DwC attribute vocabulary'!$E$3:$E$903,MATCH(B37,'DwC attribute vocabulary'!$C$3:$C$903, 0)) -> The type of quantification system used for the quantity of organisms. | G37: =INDEX('DwC attribute vocabulary'!$F$3:$F$903,MATCH($B37,'DwC attribute vocabulary'!$C$3:$C$903, 0)) -> A dwc:organismQuantityType must have a corresponding dwc:organismQuantity. | H37: =INDEX('DwC attribute vocabulary'!$G$3:$G$903,MATCH($B37,'DwC attribute vocabulary'!$C$3:$C$903, 0)) -> `27` (organismQuantity) with `individuals` (organismQuantityType); `12.5` (organismQuantity) with `% biomass` (organismQuantityType); `r` (organismQuantity) with `Braun Blanquet Scale` (organismQuantityType); `many` (organismQuantity) with `individuals` (organismQuantityType)
A38: 28 | B38: sex | C38: =INDEX('DwC attribute vocabulary'!$D$3:$D$903,MATCH(B38,'DwC attribute vocabulary'!$C$3:$C$903, 0)) -> Sex | E38: =INDEX('DwC attribute vocabulary'!$J$3:$J$903,MATCH(B38,'DwC attribute vocabulary'!$C$3:$C$903, 0)) -> recommended | F38: =INDEX('DwC attribute vocabulary'!$E$3:$E$903,MATCH(B38,'DwC attribute vocabulary'!$C$3:$C$903, 0)) -> The sex of the biological individual(s) represented in the Occurrence. | G38: =INDEX('DwC attribute vocabulary'!$F$3:$F$903,MATCH($B38,'DwC attribute vocabulary'!$C$3:$C$903, 0)) -> Recommended best practice is to use a controlled vocabulary. | H38: =INDEX('DwC attribute vocabulary'!$G$3:$G$903,MATCH($B38,'DwC attribute vocabulary'!$C$3:$C$903, 0)) -> `female`; `male`; `hermaphrodite`
A39: 29 | B39: lifeStage | C39: =INDEX('DwC attribute vocabulary'!$D$3:$D$903,MATCH(B39,'DwC attribute vocabulary'!$C$3:$C$903, 0)) -> Life Stage | D39: Include if possible | E39: =INDEX('DwC attribute vocabulary'!$J$3:$J$903,MATCH(B39,'DwC attribute vocabulary'!$C$3:$C$903, 0)) -> recommended | F39: =INDEX('DwC attribute vocabulary'!$E$3:$E$903,MATCH(B39,'DwC attribute vocabulary'!$C$3:$C$903, 0)) -> The age class or life stage of the Organism(s) at the time the Occurrence was recorded. | G39: =INDEX('DwC attribute vocabulary'!$F$3:$F$903,MATCH($B39,'DwC attribute vocabulary'!$C$3:$C$903, 0)) -> Recommended best practice is to use a controlled vocabulary. | H39: =INDEX('DwC attribute vocabulary'!$G$3:$G$903,MATCH($B39,'DwC attribute vocabulary'!$C$3:$C$903, 0)) -> `zygote`; `larva`; `juvenile`; `adult`; `seedling`; `flowering`; `fruiting`
A40: 30 | B40: reproductiveCondition | C40: =INDEX('DwC attribute vocabulary'!$D$3:$D$903,MATCH(B40,'DwC attribute vocabulary'!$C$3:$C$903, 0)) -> Reproductive Condition | E40: =INDEX('DwC attribute vocabulary'!$J$3:$J$903,MATCH(B40,'DwC attribute vocabulary'!$C$3:$C$903, 0)) -> recommended | F40: =INDEX('DwC attribute vocabulary'!$E$3:$E$903,MATCH(B40,'DwC attribute vocabulary'!$C$3:$C$903, 0)) -> The reproductive condition of the biological individual(s) represented in the Occurrence. | G40: =INDEX('DwC attribute vocabulary'!$F$3:$F$903,MATCH($B40,'DwC attribute vocabulary'!$C$3:$C$903, 0)) -> Recommended best practice is to use a controlled vocabulary. | H40: =INDEX('DwC attribute vocabulary'!$G$3:$G$903,MATCH($B40,'DwC attribute vocabulary'!$C$3:$C$903, 0)) -> `non-reproductive`; `pregnant`; `in bloom`; `fruit-bearing`
A41: 31 | B41: behavior | C41: =INDEX('DwC attribute vocabulary'!$D$3:$D$903,MATCH(B41,'DwC attribute vocabulary'!$C$3:$C$903, 0)) -> Behavior | E41: =INDEX('DwC attribute vocabulary'!$J$3:$J$903,MATCH(B41,'DwC attribute vocabulary'!$C$3:$C$903, 0)) -> recommended | F41: =INDEX('DwC attribute vocabulary'!$E$3:$E$903,MATCH(B41,'DwC attribute vocabulary'!$C$3:$C$903, 0)) -> The behavior shown by the subject at the time the Occurrence was recorded. | G41: =INDEX('DwC attribute vocabulary'!$F$3:$F$903,MATCH($B41,'DwC attribute vocabulary'!$C$3:$C$903, 0)) -> 0 | H41: =INDEX('DwC attribute vocabulary'!$G$3:$G$903,MATCH($B41,'DwC attribute vocabulary'!$C$3:$C$903, 0)) -> `roosting`; `foraging`; `running`
A42: 32 | B42: establishmentMeans | C42: =INDEX('DwC attribute vocabulary'!$D$3:$D$903,MATCH(B42,'DwC attribute vocabulary'!$C$3:$C$903, 0)) -> Establishment Means | E42: =INDEX('DwC attribute vocabulary'!$J$3:$J$903,MATCH(B42,'DwC attribute vocabulary'!$C$3:$C$903, 0)) -> recommended | F42: =INDEX('DwC attribute vocabulary'!$E$3:$E$903,MATCH(B42,'DwC attribute vocabulary'!$C$3:$C$903, 0)) -> Statement about whether an organism or organisms have been introduced to a given place and time through the direct or indirect activity of modern humans. | G42: =INDEX('DwC attribute vocabulary'!$F$3:$F$903,MATCH($B42,'DwC attribute vocabulary'!$C$3:$C$903, 0)) -> Recommended best practice is to use controlled value strings from the controlled vocabulary designated for use with this term, listed at http://rs.tdwg.org/dwc/doc/em/. For details, refer to https://doi.org/10.3897/biss.3.38084 | H42: =INDEX('DwC attribute vocabulary'!$G$3:$G$903,MATCH($B42,'DwC attribute vocabulary'!$C$3:$C$903, 0)) -> `native`; `nativeReintroduced`; `introduced`; `introducedAssistedColonisation`; `vagrant`; `uncertain`
A43: 33 | B43: degreeOfEstablishment | C43: =INDEX('DwC attribute vocabulary'!$D$3:$D$903,MATCH(B43,'DwC attribute vocabulary'!$C$3:$C$903, 0)) -> Degree of Establishment | E43: =INDEX('DwC attribute vocabulary'!$J$3:$J$903,MATCH(B43,'DwC attribute vocabulary'!$C$3:$C$903, 0)) -> recommended | F43: =INDEX('DwC attribute vocabulary'!$E$3:$E$903,MATCH(B43,'DwC attribute vocabulary'!$C$3:$C$903, 0)) -> The degree to which an Organism survives, reproduces, and expands its range at the given place and time. | G43: =INDEX('DwC attribute vocabulary'!$F$3:$F$903,MATCH($B43,'DwC attribute vocabulary'!$C$3:$C$903, 0)) -> Recommended best practice is to use controlled value strings from the controlled vocabulary designated for use with this term, listed at http://rs.tdwg.org/dwc/doc/doe/. For details, refer to https://doi.org/10.3897/biss.3.38084 | H43: =INDEX('DwC attribute vocabulary'!$G$3:$G$903,MATCH($B43,'DwC attribute vocabulary'!$C$3:$C$903, 0)) -> `native`; `captive`; `cultivated`; `released`; `failing`; `casual`; `reproducing`; `established`; `colonising`; `invasive`; `widespreadInvasive`
A44: 34 | B44: pathway | C44: =INDEX('DwC attribute vocabulary'!$D$3:$D$903,MATCH(B44,'DwC attribute vocabulary'!$C$3:$C$903, 0)) -> Pathway | E44: =INDEX('DwC attribute vocabulary'!$J$3:$J$903,MATCH(B44,'DwC attribute vocabulary'!$C$3:$C$903, 0)) -> recommended | F44: =INDEX('DwC attribute vocabulary'!$E$3:$E$903,MATCH(B44,'DwC attribute vocabulary'!$C$3:$C$903, 0)) -> The process by which an Organism came to be in a given place at a given time. | G44: =INDEX('DwC attribute vocabulary'!$F$3:$F$903,MATCH($B44,'DwC attribute vocabulary'!$C$3:$C$903, 0)) -> Recommended best practice is to use controlled value strings from the controlled vocabulary designated for use with this term, listed at http://rs.tdwg.org/dwc/doc/pw/. For details, refer to https://doi.org/10.3897/biss.3.38084 | H44: =INDEX('DwC attribute vocabulary'!$G$3:$G$903,MATCH($B44,'DwC attribute vocabulary'!$C$3:$C$903, 0)) -> `releasedForUse`; `otherEscape`; `transportContaminant`; `transportStowaway`; `corridor`; `unaided`
A45: 35 | B45: georeferenceVerificationStatus | C45: =INDEX('DwC attribute vocabulary'!$D$3:$D$903,MATCH(B45,'DwC attribute vocabulary'!$C$3:$C$903, 0)) -> Georeference Verification Status | E45: =INDEX('DwC attribute vocabulary'!$J$3:$J$903,MATCH(B45,'DwC attribute vocabulary'!$C$3:$C$903, 0)) -> recommended | F45: =INDEX('DwC attribute vocabulary'!$E$3:$E$903,MATCH(B45,'DwC attribute vocabulary'!$C$3:$C$903, 0)) -> A categorical description of the extent to which the georeference has been verified to represent the best possible spatial description for the Location of the Occurrence. | G45: =INDEX('DwC attribute vocabulary'!$F$3:$F$903,MATCH($B45,'DwC attribute vocabulary'!$C$3:$C$903, 0)) -> Recommended best practice is to use a controlled vocabulary. | H45: =INDEX('DwC attribute vocabulary'!$G$3:$G$903,MATCH($B45,'DwC attribute vocabulary'!$C$3:$C$903, 0)) -> `unable to georeference`; `requires georeference`; `requires verification`; `verified by data custodian`; `verified by contributor`
A46: 36 | B46: occurrenceStatus | C46: =INDEX('DwC attribute vocabulary'!$D$3:$D$903,MATCH(B46,'DwC attribute vocabulary'!$C$3:$C$903, 0)) -> Occurrence Status | E46: =INDEX('DwC attribute vocabulary'!$J$3:$J$903,MATCH(B46,'DwC attribute vocabulary'!$C$3:$C$903, 0)) -> recommended | F46: =INDEX('DwC attribute vocabulary'!$E$3:$E$903,MATCH(B46,'DwC attribute vocabulary'!$C$3:$C$903, 0)) -> A statement about the presence or absence of a Taxon at a Location. | G46: =INDEX('DwC attribute vocabulary'!$F$3:$F$903,MATCH($B46,'DwC attribute vocabulary'!$C$3:$C$903, 0)) -> For Occurrences, the default vocabulary is recommended to consist of `present` and `absent`, but can be extended by implementers with good justification. | H46: =INDEX('DwC attribute vocabulary'!$G$3:$G$903,MATCH($B46,'DwC attribute vocabulary'!$C$3:$C$903, 0)) -> `present`; `absent`
A47: 37 | B47: preparations | C47: =INDEX('DwC attribute vocabulary'!$D$3:$D$903,MATCH(B47,'DwC attribute vocabulary'!$C$3:$C$903, 0)) -> Preparations | E47: =INDEX('DwC attribute vocabulary'!$J$3:$J$903,MATCH(B47,'DwC attribute vocabulary'!$C$3:$C$903, 0)) -> recommended | F47: =INDEX('DwC attribute vocabulary'!$E$3:$E$903,MATCH(B47,'DwC attribute vocabulary'!$C$3:$C$903, 0)) -> A list (concatenated and separated) of preparations and preservation methods for a specimen. | G47: =INDEX('DwC attribute vocabulary'!$F$3:$F$903,MATCH($B47,'DwC attribute vocabulary'!$C$3:$C$903, 0)) -> Recommended best practice is to separate the values in a list with space vertical bar space (` | `). | H47: =INDEX('DwC attribute vocabulary'!$G$3:$G$903,MATCH($B47,'DwC attribute vocabulary'!$C$3:$C$903, 0)) -> `fossil`; `cast`; `photograph`; `DNA extract`; `skin | skull | skeleton`; `whole animal (ETOH) | tissue (EDTA)`
A48: 38 | B48: disposition | C48: =INDEX('DwC attribute vocabulary'!$D$3:$D$903,MATCH(B48,'DwC attribute vocabulary'!$C$3:$C$903, 0)) -> Disposition | E48: =INDEX('DwC attribute vocabulary'!$J$3:$J$903,MATCH(B48,'DwC attribute vocabulary'!$C$3:$C$903, 0)) -> recommended | F48: =INDEX('DwC attribute vocabulary'!$E$3:$E$903,MATCH(B48,'DwC attribute vocabulary'!$C$3:$C$903, 0)) -> The current state of a specimen with respect to the collection identified in collectionCode or collectionID. | G48: =INDEX('DwC attribute vocabulary'!$F$3:$F$903,MATCH($B48,'DwC attribute vocabulary'!$C$3:$C$903, 0)) -> Recommended best practice is to use a controlled vocabulary. | H48: =INDEX('DwC attribute vocabulary'!$G$3:$G$903,MATCH($B48,'DwC attribute vocabulary'!$C$3:$C$903, 0)) -> `in collection`; `missing`; `voucher elsewhere`; `duplicates elsewhere`
A49: 39 | B49: associatedMedia | C49: =INDEX('DwC attribute vocabulary'!$D$3:$D$903,MATCH(B49,'DwC attribute vocabulary'!$C$3:$C$903, 0)) -> Associated Media | E49: =INDEX('DwC attribute vocabulary'!$J$3:$J$903,MATCH(B49,'DwC attribute vocabulary'!$C$3:$C$903, 0)) -> recommended | F49: =INDEX('DwC attribute vocabulary'!$E$3:$E$903,MATCH(B49,'DwC attribute vocabulary'!$C$3:$C$903, 0)) -> A list (concatenated and separated) of identifiers (publication, global unique identifier, URI) of media associated with the Occurrence. | G49: =INDEX('DwC attribute vocabulary'!$F$3:$F$903,MATCH($B49,'DwC attribute vocabulary'!$C$3:$C$903, 0)) -> 0 | H49: =INDEX('DwC attribute vocabulary'!$G$3:$G$903,MATCH($B49,'DwC attribute vocabulary'!$C$3:$C$903, 0)) -> `https://arctos.database.museum/media/10520962 | https://arctos.database.museum/media/10520964`
A50: 40 | B50: associatedOccurrences | C50: =INDEX('DwC attribute vocabulary'!$D$3:$D$903,MATCH(B50,'DwC attribute vocabulary'!$C$3:$C$903, 0)) -> Associated Occurrences | E50: =INDEX('DwC attribute vocabulary'!$J$3:$J$903,MATCH(B50,'DwC attribute vocabulary'!$C$3:$C$903, 0)) -> recommended | F50: =INDEX('DwC attribute vocabulary'!$E$3:$E$903,MATCH(B50,'DwC attribute vocabulary'!$C$3:$C$903, 0)) -> A list (concatenated and separated) of identifiers of other Occurrence records and their associations to this Occurrence. | G50: =INDEX('DwC attribute vocabulary'!$F$3:$F$903,MATCH($B50,'DwC attribute vocabulary'!$C$3:$C$903, 0)) -> This term can be used to provide a list of associations to other Occurrences. Note that the ResourceRelationship class is an alternative means of representing associations, and with more detail. Recommended best practice is to separate the values in a list with space vertical bar space (` | `). | H50: =INDEX('DwC attribute vocabulary'!$G$3:$G$903,MATCH($B50,'DwC attribute vocabulary'!$C$3:$C$903, 0)) -> `"parasite collected from":"https://arctos.database.museum/guid/MSB:Mamm:215895?seid=950760"`; `"encounter previous to":"http://arctos.database.museum/guid/MSB:Mamm:292063?seid=3175067" | "encounter previous to":"http://arctos.database.museum/guid/MSB:Mamm:292063?seid=3177393" | "encounter previous to":"http://arctos.database.museum/guid/MSB:Mamm:292063?seid=3177394" | "encounter previous to":"http://arctos.database.museum/guid/MSB:Mamm:292063?seid=3177392" | "encounter previous to":"http://arctos.database.museum/guid/MSB:Mamm:292063?seid=3609139"`
A51: 41 | B51: associatedReferences | C51: =INDEX('DwC attribute vocabulary'!$D$3:$D$903,MATCH(B51,'DwC attribute vocabulary'!$C$3:$C$903, 0)) -> Associated References | E51: =INDEX('DwC attribute vocabulary'!$J$3:$J$903,MATCH(B51,'DwC attribute vocabulary'!$C$3:$C$903, 0)) -> recommended | F51: =INDEX('DwC attribute vocabulary'!$E$3:$E$903,MATCH(B51,'DwC attribute vocabulary'!$C$3:$C$903, 0)) -> A list (concatenated and separated) of identifiers (publication, bibliographic reference, global unique identifier, URI) of literature associated with the Occurrence. | G51: =INDEX('DwC attribute vocabulary'!$F$3:$F$903,MATCH($B51,'DwC attribute vocabulary'!$C$3:$C$903, 0)) -> Recommended best practice is to separate the values in a list with space vertical bar space (` | `). Note that the ResourceRelationship class is an alternative means of representing associations, and with more detail. Note also that the intended usage of the term dcterms:references in Darwin Core when applied to an Occurrence is to point to the definitive source representation of that Occurrence if one is available. Note also that the intended usage of dcterms:bibliographicCitation in Darwin Core when applied to an Occurrence is to provide the preferred way to cite the Occurrence itself. | H51: =INDEX('DwC attribute vocabulary'!$G$3:$G$903,MATCH($B51,'DwC attribute vocabulary'!$C$3:$C$903, 0)) -> `http://www.sciencemag.org/cgi/content/abstract/322/5899/261`; `Christopher J. Conroy, Jennifer L. Neuwald. 2008. Phylogeographic study of the California vole, Microtus californicus Journal of Mammalogy, 89(3):755-767.`; `Steven R. Hoofer and Ronald A. Van Den Bussche. 2001. Phylogenetic Relationships of Plecotine Bats and Allies Based on Mitochondrial Ribosomal Sequences. Journal of Mammalogy 82(1):131-137. | Walker, Faith M., Jeffrey T. Foster, Kevin P. Drees, Carol L. Chambers. 2014. Spotted bat (Euderma maculatum) microsatellite discovery using illumina sequencing. Conservation Genetics Resources.`
... A65: 55 | B65: fieldNumber | C65: =INDEX('DwC attribute vocabulary'!$D$3:$D$903,MATCH(B65,'DwC attribute vocabulary'!$C$3:$C$903, 0)) -> Field Number | E65: =INDEX('DwC attribute vocabulary'!$J$3:$J$903,MATCH(B65,'DwC attribute vocabulary'!$C$3:$C$903, 0)) -> recommended | F65: =INDEX('DwC attribute vocabulary'!$E$3:$E$903,MATCH(B65,'DwC attribute vocabulary'!$C$3:$C$903, 0)) -> An identifier given to the event in the field. Often serves as a link between field notes and the Event. | G65: =INDEX('DwC attribute vocabulary'!$F$3:$F$903,MATCH($B65,'DwC attribute vocabulary'!$C$3:$C$903, 0)) -> 0 | H65: =INDEX('DwC attribute vocabulary'!$G$3:$G$903,MATCH($B65,'DwC attribute vocabulary'!$C$3:$C$903, 0)) -> `RV Sol 87-03-08`
A66: 56 | B66: eventDate | C66: =INDEX('DwC attribute vocabulary'!$D$3:$D$903,MATCH(B66,'DwC attribute vocabulary'!$C$3:$C$903, 0)) -> Event Date | D66: GBIF Primary field | E66: =INDEX('DwC attribute vocabulary'!$J$3:$J$903,MATCH(B66,'DwC attribute vocabulary'!$C$3:$C$903, 0)) -> recommended | F66: =INDEX('DwC attribute vocabulary'!$E$3:$E$903,MATCH(B66,'DwC attribute vocabulary'!$C$3:$C$903, 0)) -> The date-time or interval during which an Event occurred. For occurrences, this is the date-time when the event was recorded. Not suitable for a time in a geological context. | G66: =INDEX('DwC attribute vocabulary'!$F$3:$F$903,MATCH($B66,'DwC attribute vocabulary'!$C$3:$C$903, 0)) -> Recommended best practice is to use a date that conforms to ISO 8601-1:2019. | H66: =INDEX('DwC attribute vocabulary'!$G$3:$G$903,MATCH($B66,'DwC attribute vocabulary'!$C$3:$C$903, 0)) -> `1963-03-08T14:07-0600` (8 Mar 1963 at 2:07pm in the time zone six hours earlier than UTC); `2009-02-20T08:40Z` (20 February 2009 8:40am UTC); `2018-08-29T15:19` (3:19pm local time on 29 August 2018); `1809-02-12` (some time during 12 February 1809); `1906-06` (some time in June 1906); `1971` (some time in the year 1971); `2007-03-01T13:00:00Z/2008-05-11T15:30:00Z` (some time during the interval between 1 March 2007 1pm UTC and 11 May 2008 3:30pm UTC); `1900/1909` (some time during the interval between the beginning of the year 1900 and the end of the year 1909); `2007-11-13/15` (some time in the interval between 13 November 2007 and 15 November 2007)
A67: 57 | B67: eventTime | C67: =INDEX('DwC attribute vocabulary'!$D$3:$D$903,MATCH(B67,'DwC attribute vocabulary'!$C$3:$C$903, 0)) -> Event Time | E67: =INDEX('DwC attribute vocabulary'!$J$3:$J$903,MATCH(B67,'DwC attribute vocabulary'!$C$3:$C$903, 0)) -> recommended | F67: =INDEX('DwC attribute vocabulary'!$E$3:$E$903,MATCH(B67,'DwC attribute vocabulary'!$C$3:$C$903, 0)) -> The time or interval during which an Event occurred. | G67: =INDEX('DwC attribute vocabulary'!$F$3:$F$903,MATCH($B67,'DwC attribute vocabulary'!$C$3:$C$903, 0)) -> Recommended best practice is to use a date that conforms to ISO 8601-1:2019. | H67: =INDEX('DwC attribute vocabulary'!$G$3:$G$903,MATCH($B67,'DwC attribute vocabulary'!$C$3:$C$903, 0)) -> `14:07-0600` (2:07pm in the time zone six hours earlier than UTC); `08:40:21Z` (8:40:21am UTC); `13:00:00Z/15:30:00Z` (the interval between 1pm UTC and 3:30pm UTC)
A68: 58 | B68: startDayOfYear | C68: =INDEX('DwC attribute vocabulary'!$D$3:$D$903,MATCH(B68,'DwC attribute vocabulary'!$C$3:$C$903, 0)) -> Start Day Of Year | E68: =INDEX('DwC attribute vocabulary'!$J$3:$J$903,MATCH(B68,'DwC attribute vocabulary'!$C$3:$C$903, 0)) -> recommended | F68: =INDEX('DwC attribute vocabulary'!$E$3:$E$903,MATCH(B68,'DwC attribute vocabulary'!$C$3:$C$903, 0)) -> The earliest integer day of the year on which the Event occurred (1 for January 1, 365 for December 31, except in a leap year, in which case it is 366). | G68: =INDEX('DwC attribute vocabulary'!$F$3:$F$903,MATCH($B68,'DwC attribute vocabulary'!$C$3:$C$903, 0)) -> 0 | H68: =INDEX('DwC attribute vocabulary'!$G$3:$G$903,MATCH($B68,'DwC attribute vocabulary'!$C$3:$C$903, 0)) -> `1` (1 January); `366` (31 December); `365` (30 December in a leap year, 31 December in a non-leap year)
A69: 59 | B69: endDayOfYear | C69: =INDEX('DwC attribute vocabulary'!$D$3:$D$903,MATCH(B69,'DwC attribute vocabulary'!$C$3:$C$903, 0)) -> End Day Of Year | E69: =INDEX('DwC attribute vocabulary'!$J$3:$J$903,MATCH(B69,'DwC attribute vocabulary'!$C$3:$C$903, 0)) -> recommended | F69: =INDEX('DwC attribute vocabulary'!$E$3:$E$903,MATCH(B69,'DwC attribute vocabulary'!$C$3:$C$903, 0)) -> The latest integer day of the year on which the Event occurred (1 for January 1, 365 for December 31, except in a leap year, in which case it is 366). | G69: =INDEX('DwC attribute vocabulary'!$F$3:$F$903,MATCH($B69,'DwC attribute vocabulary'!$C$3:$C$903, 0)) -> 0 | H69: =INDEX('DwC attribute vocabulary'!$G$3:$G$903,MATCH($B69,'DwC attribute vocabulary'!$C$3:$C$903, 0)) -> `1` (1 January); `32` (1 February); `366` (31 December); `365` (30 December in a leap year, 31 December in a non-leap year)
A70: 60 | B70: year | C70: =INDEX('DwC attribute vocabulary'!$D$3:$D$903,MATCH(B70,'DwC attribute vocabulary'!$C$3:$C$903, 0)) -> Year | D70: GBIF Primary field | E70: =INDEX('DwC attribute vocabulary'!$J$3:$J$903,MATCH(B70,'DwC attribute vocabulary'!$C$3:$C$903, 0)) -> recommended | F70: =INDEX('DwC attribute vocabulary'!$E$3:$E$903,MATCH(B70,'DwC attribute vocabulary'!$C$3:$C$903, 0)) -> The four-digit year in which the Event occurred, according to the Common Era Calendar. | G70: =INDEX('DwC attribute vocabulary'!$F$3:$F$903,MATCH($B70,'DwC attribute vocabulary'!$C$3:$C$903, 0)) -> 0 | H70: =INDEX('DwC attribute vocabulary'!$G$3:$G$903,MATCH($B70,'DwC attribute vocabulary'!$C$3:$C$903, 0)) -> `1160`; `2008`
A71: 61 | B71: month | C71: =INDEX('DwC attribute vocabulary'!$D$3:$D$903,MATCH(B71,'DwC attribute vocabulary'!$C$3:$C$903, 0)) -> Month | E71: =INDEX('DwC attribute vocabulary'!$J$3:$J$903,MATCH(B71,'DwC attribute vocabulary'!$C$3:$C$903, 0)) -> recommended | F71: =INDEX('DwC attribute vocabulary'!$E$3:$E$903,MATCH(B71,'DwC attribute vocabulary'!$C$3:$C$903, 0)) -> The integer month in which the Event occurred. | G71: =INDEX('DwC attribute vocabulary'!$F$3:$F$903,MATCH($B71,'DwC attribute vocabulary'!$C$3:$C$903, 0)) -> 0 | H71: =INDEX('DwC attribute vocabulary'!$G$3:$G$903,MATCH($B71,'DwC attribute vocabulary'!$C$3:$C$903, 0)) -> `1` (January); `10` (October)
A72: 62 | B72: day | C72: =INDEX('DwC attribute vocabulary'!$D$3:$D$903,MATCH(B72,'DwC attribute vocabulary'!$C$3:$C$903, 0)) -> Day | E72: =INDEX('DwC attribute vocabulary'!$J$3:$J$903,MATCH(B72,'DwC attribute vocabulary'!$C$3:$C$903, 0)) -> recommended | F72: =INDEX('DwC attribute vocabulary'!$E$3:$E$903,MATCH(B72,'DwC attribute vocabulary'!$C$3:$C$903, 0)) -> The integer day of the month on which the Event occurred. | G72: =INDEX('DwC attribute vocabulary'!$F$3:$F$903,MATCH($B72,'DwC attribute vocabulary'!$C$3:$C$903, 0)) -> 0 | H72: =INDEX('DwC attribute vocabulary'!$G$3:$G$903,MATCH($B72,'DwC attribute vocabulary'!$C$3:$C$903, 0)) -> `9`; `28`
A73: 63 | B73: verbatimEventDate | C73: =INDEX('DwC attribute vocabulary'!$D$3:$D$903,MATCH(B73,'DwC attribute vocabulary'!$C$3:$C$903, 0)) -> Verbatim EventDate | D73: Include if possible | E73: =INDEX('DwC attribute vocabulary'!$J$3:$J$903,MATCH(B73,'DwC attribute vocabulary'!$C$3:$C$903, 0)) -> recommended | F73: =INDEX('DwC attribute vocabulary'!$E$3:$E$903,MATCH(B73,'DwC attribute vocabulary'!$C$3:$C$903, 0)) -> The verbatim original representation of the date and time information for an Event. | G73: =INDEX('DwC attribute vocabulary'!$F$3:$F$903,MATCH($B73,'DwC attribute vocabulary'!$C$3:$C$903, 0)) -> 0 | H73: =INDEX('DwC attribute vocabulary'!$G$3:$G$903,MATCH($B73,'DwC attribute vocabulary'!$C$3:$C$903, 0)) -> `spring 1910`; `Marzo 2002`; `1999-03-XX`; `17IV1934`
A74: 64 | B74: habitat | C74: =INDEX('DwC attribute vocabulary'!$D$3:$D$903,MATCH(B74,'DwC attribute vocabulary'!$C$3:$C$903, 0)) -> Habitat | E74: =INDEX('DwC attribute vocabulary'!$J$3:$J$903,MATCH(B74,'DwC attribute vocabulary'!$C$3:$C$903, 0)) -> recommended | F74: =INDEX('DwC attribute vocabulary'!$E$3:$E$903,MATCH(B74,'DwC attribute vocabulary'!$C$3:$C$903, 0)) -> A category or description of the habitat in which the Event occurred. | G74: =INDEX('DwC attribute vocabulary'!$F$3:$F$903,MATCH($B74,'DwC attribute vocabulary'!$C$3:$C$903, 0)) -> 0 | H74: =INDEX('DwC attribute vocabulary'!$G$3:$G$903,MATCH($B74,'DwC attribute vocabulary'!$C$3:$C$903, 0)) -> `oak savanna`; `pre-cordilleran steppe`
A75: 65 | B75: samplingProtocol | C75: =INDEX('DwC attribute vocabulary'!$D$3:$D$903,MATCH(B75,'DwC attribute vocabulary'!$C$3:$C$903, 0)) -> Sampling Protocol | D75: Include if possible | E75: =INDEX('DwC attribute vocabulary'!$J$3:$J$903,MATCH(B75,'DwC attribute vocabulary'!$C$3:$C$903, 0)) -> recommended | F75: =INDEX('DwC attribute vocabulary'!$E$3:$E$903,MATCH(B75,'DwC attribute vocabulary'!$C$3:$C$903, 0)) -> The names of, references to, or descriptions of the methods or protocols used during an Event. | G75: =INDEX('DwC attribute vocabulary'!$F$3:$F$903,MATCH($B75,'DwC attribute vocabulary'!$C$3:$C$903, 0)) -> Recommended best practice is describe an Event with no more than one sampling protocol. In the case of a summary Event with multiple protocols, in which a specific protocol can not be attributed to specific Occurrences, the recommended best practice is to separate the values in a list with space vertical bar space (` | `). | H75: =INDEX('DwC attribute vocabulary'!$G$3:$G$903,MATCH($B75,'DwC attribute vocabulary'!$C$3:$C$903, 0)) -> `UV light trap`; `mist net`; `bottom trawl`; `ad hoc observation | point count`; `Penguins from space: faecal stains reveal the location of emperor penguin colonies, https://doi.org/10.1111/j.1466-8238.2009.00467.x`; `Takats et al. 2001. Guidelines for Nocturnal Owl Monitoring in North America. Beaverhill Bird Observatory and Bird Studies Canada, Edmonton, Alberta. 32 pp., http://www.bsc-eoc.org/download/Owl.pdf`
A76: 66 | B76: sampleSizeValue | C76: =INDEX('DwC attribute vocabulary'!$D$3:$D$903,MATCH(B76,'DwC attribute vocabulary'!$C$3:$C$903, 0)) -> Sample Size Value | E76: =INDEX('DwC attribute vocabulary'!$J$3:$J$903,MATCH(B76,'DwC attribute vocabulary'!$C$3:$C$903, 0)) -> recommended | F76: =INDEX('DwC attribute vocabulary'!$E$3:$E$903,MATCH(B76,'DwC attribute vocabulary'!$C$3:$C$903, 0)) -> A numeric value for a measurement of the size (time duration, length, area, or volume) of a sample in a sampling event. | G76: =INDEX('DwC attribute vocabulary'!$F$3:$F$903,MATCH($B76,'DwC attribute vocabulary'!$C$3:$C$903, 0)) -> A sampleSizeValue must have a corresponding sampleSizeUnit. | H76: =INDEX('DwC attribute vocabulary'!$G$3:$G$903,MATCH($B76,'DwC attribute vocabulary'!$C$3:$C$903, 0)) -> `5` (sampleSizeValue) with `metre` (sampleSizeUnit)
A77: 67 | B77: sampleSizeUnit | C77: =INDEX('DwC attribute vocabulary'!$D$3:$D$903,MATCH(B77,'DwC attribute vocabulary'!$C$3:$C$903, 0)) -> Sample Size Unit | E77: =INDEX('DwC attribute vocabulary'!$J$3:$J$903,MATCH(B77,'DwC attribute vocabulary'!$C$3:$C$903, 0)) -> recommended | F77: =INDEX('DwC attribute vocabulary'!$E$3:$E$903,MATCH(B77,'DwC attribute vocabulary'!$C$3:$C$903, 0)) -> The unit of measurement of the size (time duration, length, area, or volume) of a sample in a sampling event. | G77: =INDEX('DwC attribute vocabulary'!$F$3:$F$903,MATCH($B77,'DwC attribute vocabulary'!$C$3:$C$903, 0)) -> A sampleSizeUnit must have a corresponding sampleSizeValue, e.g., `5` for sampleSizeValue with `metre` for sampleSizeUnit. | H77: =INDEX('DwC attribute vocabulary'!$G$3:$G$903,MATCH($B77,'DwC attribute vocabulary'!$C$3:$C$903, 0)) -> `minute`; `hour`; `day`; `metre`; `square metre`; `cubic metre`
A78: 68 | B78: samplingEffort | C78: =INDEX('DwC attribute vocabulary'!$D$3:$D$903,MATCH(B78,'DwC attribute vocabulary'!$C$3:$C$903, 0)) -> Sampling Effort | D78: Include if possible | E78: =INDEX('DwC attribute vocabulary'!$J$3:$J$903,MATCH(B78,'DwC attribute vocabulary'!$C$3:$C$903, 0)) -> recommended | F78: =INDEX('DwC attribute vocabulary'!$E$3:$E$903,MATCH(B78,'DwC attribute vocabulary'!$C$3:$C$903, 0)) -> The amount of effort expended during an Event. | G78: =INDEX('DwC attribute vocabulary'!$F$3:$F$903,MATCH($B78,'DwC attribute vocabulary'!$C$3:$C$903, 0)) -> 0 | H78: =INDEX('DwC attribute vocabulary'!$G$3:$G$903,MATCH($B78,'DwC attribute vocabulary'!$C$3:$C$903, 0)) -> `40 trap-nights`; `10 observer-hours`; `10 km by foot`; `30 km by car`
A79: 69 | B79: fieldNotes | C79: =INDEX('DwC attribute vocabulary'!$D$3:$D$903,MATCH(B79,'DwC attribute vocabulary'!$C$3:$C$903, 0)) -> Field Notes | E79: =INDEX('DwC attribute vocabulary'!$J$3:$J$903,MATCH(B79,'DwC attribute vocabulary'!$C$3:$C$903, 0)) -> recommended | F79: =INDEX('DwC attribute vocabulary'!$E$3:$E$903,MATCH(B79,'DwC attribute vocabulary'!$C$3:$C$903, 0)) -> One of a) an indicator of the existence of, b) a reference to (publication, URI), or c) the text of notes taken in the field about the Event. | G79: =INDEX('DwC attribute vocabulary'!$F$3:$F$903,MATCH($B79,'DwC attribute vocabulary'!$C$3:$C$903, 0)) -> 0 | H79: =INDEX('DwC attribute vocabulary'!$G$3:$G$903,MATCH($B79,'DwC attribute vocabulary'!$C$3:$C$903, 0)) -> `Notes available in the Grinnell-Miller Library.`
A80: 70 | B80: eventRemarks | C80: =INDEX('DwC attribute vocabulary'!$D$3:$D$903,MATCH(B80,'DwC attribute vocabulary'!$C$3:$C$903, 0)) -> Event Remarks | E80: =INDEX('DwC attribute vocabulary'!$J$3:$J$903,MATCH(B80,'DwC attribute vocabulary'!$C$3:$C$903, 0)) -> recommended | F80: =INDEX('DwC attribute vocabulary'!$E$3:$E$903,MATCH(B80,'DwC attribute vocabulary'!$C$3:$C$903, 0)) -> Comments or notes about the Event. | G80: =INDEX('DwC attribute vocabulary'!$F$3:$F$903,MATCH($B80,'DwC attribute vocabulary'!$C$3:$C$903, 0)) -> 0 | H80: =INDEX('DwC attribute vocabulary'!$G$3:$G$903,MATCH($B80,'DwC attribute vocabulary'!$C$3:$C$903, 0)) -> `After the recent rains the river is nearly at flood stage.`
A81: 71 | B81: locationID | C81: =INDEX('DwC attribute vocabulary'!$D$3:$D$903,MATCH(B81,'DwC attribute vocabulary'!$C$3:$C$903, 0)) -> Location ID | E81: =INDEX('DwC attribute vocabulary'!$J$3:$J$903,MATCH(B81,'DwC attribute vocabulary'!$C$3:$C$903, 0)) -> recommended | F81: =INDEX('DwC attribute vocabulary'!$E$3:$E$903,MATCH(B81,'DwC attribute vocabulary'!$C$3:$C$903, 0)) -> An identifier for the set of location information (data associated with dcterms:Location). May be a global unique identifier or an identifier specific to the data set. | G81: =INDEX('DwC attribute vocabulary'!$F$3:$F$903,MATCH($B81,'DwC attribute vocabulary'!$C$3:$C$903, 0)) -> 0 | H81: =INDEX('DwC attribute vocabulary'!$G$3:$G$903,MATCH($B81,'DwC attribute vocabulary'!$C$3:$C$903, 0)) -> `https://opencontext.org/subjects/768A875F-E205-4D0B-DE55-BAB7598D0FD1`
A82: 72 | B82: higherGeographyID | C82: =INDEX('DwC attribute vocabulary'!$D$3:$D$903,MATCH(B82,'DwC attribute vocabulary'!$C$3:$C$903, 0)) -> Higher Geography ID | E82: =INDEX('DwC attribute vocabulary'!$J$3:$J$903,MATCH(B82,'DwC attribute vocabulary'!$C$3:$C$903, 0)) -> recommended | F82: =INDEX('DwC attribute vocabulary'!$E$3:$E$903,MATCH(B82,'DwC attribute vocabulary'!$C$3:$C$903, 0)) -> An identifier for the geographic region within which the Location occurred. | G82: =INDEX('DwC attribute vocabulary'!$F$3:$F$903,MATCH($B82,'DwC attribute vocabulary'!$C$3:$C$903, 0)) -> Recommended best practice is to use a persistent identifier from a controlled vocabulary such as the Getty Thesaurus of Geographic Names. | H82: =INDEX('DwC attribute vocabulary'!$G$3:$G$903,MATCH($B82,'DwC attribute vocabulary'!$C$3:$C$903, 0)) -> `http://vocab.getty.edu/tgn/1002002` (Antártida e Islas del Atlántico Sur, Territorio Nacional de la Tierra del Fuego, Argentina).
A83: 73 | B83: higherGeography | C83: =INDEX('DwC attribute vocabulary'!$D$3:$D$903,MATCH(B83,'DwC attribute vocabulary'!$C$3:$C$903, 0)) -> Higher Geography | E83: =INDEX('DwC attribute vocabulary'!$J$3:$J$903,MATCH(B83,'DwC attribute vocabulary'!$C$3:$C$903, 0)) -> recommended | F83: =INDEX('DwC attribute vocabulary'!$E$3:$E$903,MATCH(B83,'DwC attribute vocabulary'!$C$3:$C$903, 0)) -> A list (concatenated and separated) of geographic names less specific than the information captured in the locality term. | G83: =INDEX('DwC attribute vocabulary'!$F$3:$F$903,MATCH($B83,'DwC attribute vocabulary'!$C$3:$C$903, 0)) -> Recommended best practice is to separate the values in a list with space vertical bar space (` | `), with terms in order from least specific to most specific. | H83: =INDEX('DwC attribute vocabulary'!$G$3:$G$903,MATCH($B83,'DwC attribute vocabulary'!$C$3:$C$903, 0)) -> `North Atlantic Ocean`; `South America | Argentina | Patagonia | Parque Nacional Nahuel Huapi | Neuquén | Los Lagos` with accompanying values `South America` (continent) `Argentina` (country), `Neuquén` (stateProvince), and `Los Lagos` (county)
A84: 74 | B84: continent | C84: =INDEX('DwC attribute vocabulary'!$D$3:$D$903,MATCH(B84,'DwC attribute vocabulary'!$C$3:$C$903, 0)) -> Continent | E84: =INDEX('DwC attribute vocabulary'!$J$3:$J$903,MATCH(B84,'DwC attribute vocabulary'!$C$3:$C$903, 0)) -> recommended | F84: =INDEX('DwC attribute vocabulary'!$E$3:$E$903,MATCH(B84,'DwC attribute vocabulary'!$C$3:$C$903, 0)) -> The name of the continent in which the Location occurs. | G84: =INDEX('DwC attribute vocabulary'!$F$3:$F$903,MATCH($B84,'DwC attribute vocabulary'!$C$3:$C$903, 0)) -> Recommended best practice is to use a controlled vocabulary such as the Getty Thesaurus of Geographic Names. | H84: =INDEX('DwC attribute vocabulary'!$G$3:$G$903,MATCH($B84,'DwC attribute vocabulary'!$C$3:$C$903, 0)) -> `Africa`; `Antarctica`; `Asia`; `Europe`; `North America`; `Oceania`; `South America`
A85: 75 | B85: waterBody | C85: =INDEX('DwC attribute vocabulary'!$D$3:$D$903,MATCH(B85,'DwC attribute vocabulary'!$C$3:$C$903, 0)) -> Water Body | D85: Include if possible | E85: =INDEX('DwC attribute vocabulary'!$J$3:$J$903,MATCH(B85,'DwC attribute vocabulary'!$C$3:$C$903, 0)) -> recommended | F85: =INDEX('DwC attribute vocabulary'!$E$3:$E$903,MATCH(B85,'DwC attribute vocabulary'!$C$3:$C$903, 0)) -> The name of the water body in which the Location occurs. | G85: =INDEX('DwC attribute vocabulary'!$F$3:$F$903,MATCH($B85,'DwC attribute vocabulary'!$C$3:$C$903, 0)) -> Recommended best practice is to use a controlled vocabulary such as the Getty Thesaurus of Geographic Names. | H85: =INDEX('DwC attribute vocabulary'!$G$3:$G$903,MATCH($B85,'DwC attribute vocabulary'!$C$3:$C$903, 0)) -> `Indian Ocean`; `Baltic Sea`; `Hudson River`; `Lago Nahuel Huapi`
A86: 76 | B86: islandGroup | C86: =INDEX('DwC attribute vocabulary'!$D$3:$D$903,MATCH(B86,'DwC attribute vocabulary'!$C$3:$C$903, 0)) -> Island Group | E86: =INDEX('DwC attribute vocabulary'!$J$3:$J$903,MATCH(B86,'DwC attribute vocabulary'!$C$3:$C$903, 0)) -> recommended | F86: =INDEX('DwC attribute vocabulary'!$E$3:$E$903,MATCH(B86,'DwC attribute vocabulary'!$C$3:$C$903, 0)) -> The name of the island group in which the Location occurs. | G86: =INDEX('DwC attribute vocabulary'!$F$3:$F$903,MATCH($B86,'DwC attribute vocabulary'!$C$3:$C$903, 0)) -> Recommended best practice is to use a controlled vocabulary such as the Getty Thesaurus of Geographic Names. | H86: =INDEX('DwC attribute vocabulary'!$G$3:$G$903,MATCH($B86,'DwC attribute vocabulary'!$C$3:$C$903, 0)) -> `Alexander Archipelago`; `Archipiélago Diego Ramírez`; `Seychelles`
A87: 77 | B87: island | C87: =INDEX('DwC attribute vocabulary'!$D$3:$D$903,MATCH(B87,'DwC attribute vocabulary'!$C$3:$C$903, 0)) -> Island | E87: =INDEX('DwC attribute vocabulary'!$J$3:$J$903,MATCH(B87,'DwC attribute vocabulary'!$C$3:$C$903, 0)) -> recommended | F87: =INDEX('DwC attribute vocabulary'!$E$3:$E$903,MATCH(B87,'DwC attribute vocabulary'!$C$3:$C$903, 0)) -> The name of the island on or near which the Location occurs. | G87: =INDEX('DwC attribute vocabulary'!$F$3:$F$903,MATCH($B87,'DwC attribute vocabulary'!$C$3:$C$903, 0)) -> Recommended best practice is to use a controlled vocabulary such as the Getty Thesaurus of Geographic Names. | H87: =INDEX('DwC attribute vocabulary'!$G$3:$G$903,MATCH($B87,'DwC attribute vocabulary'!$C$3:$C$903, 0)) -> `Nosy Be`; `Bikini Atoll`; `Vancouver`; `Viti Levu`; `Zanzibar`
A88: 78 | B88: country | C88: =INDEX('DwC attribute vocabulary'!$D$3:$D$903,MATCH(B88,'DwC attribute vocabulary'!$C$3:$C$903, 0)) -> Country | E88: =INDEX('DwC attribute vocabulary'!$J$3:$J$903,MATCH(B88,'DwC attribute vocabulary'!$C$3:$C$903, 0)) -> recommended | F88: =INDEX('DwC attribute vocabulary'!$E$3:$E$903,MATCH(B88,'DwC attribute vocabulary'!$C$3:$C$903, 0)) -> The name of the country or major administrative unit in which the Location occurs. | G88: =INDEX('DwC attribute vocabulary'!$F$3:$F$903,MATCH($B88,'DwC attribute vocabulary'!$C$3:$C$903, 0)) -> Recommended best practice is to use a controlled vocabulary such as the Getty Thesaurus of Geographic Names. Recommended best practice is to leave this field blank if the Location spans multiple entities at this administrative level or if the Location might be in one or another of multiple possible entities at this level. Multiplicity and uncertainty of the geographic entity can be captured either in the term higherGeography or in the term locality, or both. | H88: =INDEX('DwC attribute vocabulary'!$G$3:$G$903,MATCH($B88,'DwC attribute vocabulary'!$C$3:$C$903, 0)) -> `Denmark`; `Colombia`; `España`
A89: 79 | B89: countryCode | C89: =INDEX('DwC attribute vocabulary'!$D$3:$D$903,MATCH(B89,'DwC attribute vocabulary'!$C$3:$C$903, 0)) -> Country Code | E89: =INDEX('DwC attribute vocabulary'!$J$3:$J$903,MATCH(B89,'DwC attribute vocabulary'!$C$3:$C$903, 0)) -> recommended | F89: =INDEX('DwC attribute vocabulary'!$E$3:$E$903,MATCH(B89,'DwC attribute vocabulary'!$C$3:$C$903, 0)) -> The standard code for the country in which the Location occurs. | G89: =INDEX('DwC attribute vocabulary'!$F$3:$F$903,MATCH($B89,'DwC attribute vocabulary'!$C$3:$C$903, 0)) -> Recommended best practice is to use an ISO 3166-1-alpha-2 country code. | H89: =INDEX('DwC attribute vocabulary'!$G$3:$G$903,MATCH($B89,'DwC attribute vocabulary'!$C$3:$C$903, 0)) -> `AR`; `SV`
A90: 80 | B90: stateProvince | C90: =INDEX('DwC attribute vocabulary'!$D$3:$D$903,MATCH(B90,'DwC attribute vocabulary'!$C$3:$C$903, 0)) -> State Province | E90: =INDEX('DwC attribute vocabulary'!$J$3:$J$903,MATCH(B90,'DwC attribute vocabulary'!$C$3:$C$903, 0)) -> recommended | F90: =INDEX('DwC attribute vocabulary'!$E$3:$E$903,MATCH(B90,'DwC attribute vocabulary'!$C$3:$C$903, 0)) -> The name of the next smaller administrative region than country (state, province, canton, department, region, etc.) in which the Location occurs. | G90: =INDEX('DwC attribute vocabulary'!$F$3:$F$903,MATCH($B90,'DwC attribute vocabulary'!$C$3:$C$903, 0)) -> Recommended best practice is to use a controlled vocabulary such as the Getty Thesaurus of Geographic Names. | H90: =INDEX('DwC attribute vocabulary'!$G$3:$G$903,MATCH($B90,'DwC attribute vocabulary'!$C$3:$C$903, 0)) -> `Montana`; `Minas Gerais`; `Córdoba`
A91: 81 | B91: county | C91: =INDEX('DwC attribute vocabulary'!$D$3:$D$903,MATCH(B91,'DwC attribute vocabulary'!$C$3:$C$903, 0)) -> County | E91: =INDEX('DwC attribute vocabulary'!$J$3:$J$903,MATCH(B91,'DwC attribute vocabulary'!$C$3:$C$903, 0)) -> recommended | F91: =INDEX('DwC attribute vocabulary'!$E$3:$E$903,MATCH(B91,'DwC attribute vocabulary'!$C$3:$C$903, 0)) -> The full, unabbreviated name of the next smaller administrative region than stateProvince (county, shire, department, etc.) in which the Location occurs. | G91: =INDEX('DwC attribute vocabulary'!$F$3:$F$903,MATCH($B91,'DwC attribute vocabulary'!$C$3:$C$903, 0)) -> Recommended best practice is to use a controlled vocabulary such as the Getty Thesaurus of Geographic Names. | H91: =INDEX('DwC attribute vocabulary'!$G$3:$G$903,MATCH($B91,'DwC attribute vocabulary'!$C$3:$C$903, 0)) -> `Missoula`; `Los Lagos`; `Mataró`
A92: 82 | B92: municipality | C92: =INDEX('DwC attribute vocabulary'!$D$3:$D$903,MATCH(B92,'DwC attribute vocabulary'!$C$3:$C$903, 0)) -> Municipality | E92: =INDEX('DwC attribute vocabulary'!$J$3:$J$903,MATCH(B92,'DwC attribute vocabulary'!$C$3:$C$903, 0)) -> recommended | F92: =INDEX('DwC attribute vocabulary'!$E$3:$E$903,MATCH(B92,'DwC attribute vocabulary'!$C$3:$C$903, 0)) -> The full, unabbreviated name of the next smaller administrative region than county (city, municipality, etc.) in which the Location occurs. Do not use this term for a nearby named place that does not contain the actual location. | G92: =INDEX('DwC attribute vocabulary'!$F$3:$F$903,MATCH($B92,'DwC attribute vocabulary'!$C$3:$C$903, 0)) -> Recommended best practice is to use a controlled vocabulary such as the Getty Thesaurus of Geographic Names. | H92: =INDEX('DwC attribute vocabulary'!$G$3:$G$903,MATCH($B92,'DwC attribute vocabulary'!$C$3:$C$903, 0)) -> `Holzminden`; `Araçatuba`; `Ga-Segonyana`
A93: 83 | B93: locality | C93: =INDEX('DwC attribute vocabulary'!$D$3:$D$903,MATCH(B93,'DwC attribute vocabulary'!$C$3:$C$903, 0)) -> Locality | D93: GBIF Primary field | E93: =INDEX('DwC attribute vocabulary'!$J$3:$J$903,MATCH(B93,'DwC attribute vocabulary'!$C$3:$C$903, 0)) -> recommended | F93: =INDEX('DwC attribute vocabulary'!$E$3:$E$903,MATCH(B93,'DwC attribute vocabulary'!$C$3:$C$903, 0)) -> The specific description of the place. | G93: =INDEX('DwC attribute vocabulary'!$F$3:$F$903,MATCH($B93,'DwC attribute vocabulary'!$C$3:$C$903, 0)) -> Less specific geographic information can be provided in other geographic terms (higherGeography, continent, country, stateProvince, county, municipality, waterBody, island, islandGroup). This term may contain information modified from the original to correct perceived errors or standardize the description. | H93: =INDEX('DwC attribute vocabulary'!$G$3:$G$903,MATCH($B93,'DwC attribute vocabulary'!$C$3:$C$903, 0)) -> `Bariloche, 25 km NNE via Ruta Nacional 40 (=Ruta 237)`; `Queets Rainforest, Olympic National Park`
A94: 84 | B94: verbatimLocality | C94: =INDEX('DwC attribute vocabulary'!$D$3:$D$903,MATCH(B94,'DwC attribute vocabulary'!$C$3:$C$903, 0)) -> Verbatim Locality | E94: =INDEX('DwC attribute vocabulary'!$J$3:$J$903,MATCH(B94,'DwC attribute vocabulary'!$C$3:$C$903, 0)) -> recommended | F94: =INDEX('DwC attribute vocabulary'!$E$3:$E$903,MATCH(B94,'DwC attribute vocabulary'!$C$3:$C$903, 0)) -> The original textual description of the place. | G94: =INDEX('DwC attribute vocabulary'!$F$3:$F$903,MATCH($B94,'DwC attribute vocabulary'!$C$3:$C$903, 0)) -> 0 | H94: =INDEX('DwC attribute vocabulary'!$G$3:$G$903,MATCH($B94,'DwC attribute vocabulary'!$C$3:$C$903, 0)) -> `25 km NNE Bariloche por R. Nac. 237`
A95: 85 | B95: minimumElevationInMeters | C95: =INDEX('DwC attribute vocabulary'!$D$3:$D$903,MATCH(B95,'DwC attribute vocabulary'!$C$3:$C$903, 0)) -> Minimum Elevation In Meters | E95: =INDEX('DwC attribute vocabulary'!$J$3:$J$903,MATCH(B95,'DwC attribute vocabulary'!$C$3:$C$903, 0)) -> recommended | F95: =INDEX('DwC attribute vocabulary'!$E$3:$E$903,MATCH(B95,'DwC attribute vocabulary'!$C$3:$C$903, 0)) -> The lower limit of the range of elevation (altitude, usually above sea level), in meters. | G95: =INDEX('DwC attribute vocabulary'!$F$3:$F$903,MATCH($B95,'DwC attribute vocabulary'!$C$3:$C$903, 0)) -> 0 | H95: =INDEX('DwC attribute vocabulary'!$G$3:$G$903,MATCH($B95,'DwC attribute vocabulary'!$C$3:$C$903, 0)) -> `-100`; `802`
A96: 86 | B96: maximumElevationInMeters | C96: =INDEX('DwC attribute vocabulary'!$D$3:$D$903,MATCH(B96,'DwC attribute vocabulary'!$C$3:$C$903, 0)) -> Maximum Elevation In Meters | E96: =INDEX('DwC attribute vocabulary'!$J$3:$J$903,MATCH(B96,'DwC attribute vocabulary'!$C$3:$C$903, 0)) -> recommended | F96: =INDEX('DwC attribute vocabulary'!$E$3:$E$903,MATCH(B96,'DwC attribute vocabulary'!$C$3:$C$903, 0)) -> The upper limit of the range of elevation (altitude, usually above sea level), in meters. | G96: =INDEX('DwC attribute vocabulary'!$F$3:$F$903,MATCH($B96,'DwC attribute vocabulary'!$C$3:$C$903, 0)) -> 0 | H96: =INDEX('DwC attribute vocabulary'!$G$3:$G$903,MATCH($B96,'DwC attribute vocabulary'!$C$3:$C$903, 0)) -> `-205`; `1236`
A97: 87 | B97: verbatimElevation | C97: =INDEX('DwC attribute vocabulary'!$D$3:$D$903,MATCH(B97,'DwC attribute vocabulary'!$C$3:$C$903, 0)) -> Verbatim Elevation | E97: =INDEX('DwC attribute vocabulary'!$J$3:$J$903,MATCH(B97,'DwC attribute vocabulary'!$C$3:$C$903, 0)) -> recommended | F97: =INDEX('DwC attribute vocabulary'!$E$3:$E$903,MATCH(B97,'DwC attribute vocabulary'!$C$3:$C$903, 0)) -> The original description of the elevation (altitude, usually above sea level) of the Location. | G97: =INDEX('DwC attribute vocabulary'!$F$3:$F$903,MATCH($B97,'DwC attribute vocabulary'!$C$3:$C$903, 0)) -> 0 | H97: =INDEX('DwC attribute vocabulary'!$G$3:$G$903,MATCH($B97,'DwC attribute vocabulary'!$C$3:$C$903, 0)) -> `100-200 m`
A98: 88 | B98: verticalDatum | C98: =INDEX('DwC attribute vocabulary'!$D$3:$D$903,MATCH(B98,'DwC attribute vocabulary'!$C$3:$C$903, 0)) -> Vertical Datum | E98: =INDEX('DwC attribute vocabulary'!$J$3:$J$903,MATCH(B98,'DwC attribute vocabulary'!$C$3:$C$903, 0)) -> recommended | F98: =INDEX('DwC attribute vocabulary'!$E$3:$E$903,MATCH(B98,'DwC attribute vocabulary'!$C$3:$C$903, 0)) -> The vertical datum used as the reference upon which the values in the elevation terms are based. | G98: =INDEX('DwC attribute vocabulary'!$F$3:$F$903,MATCH($B98,'DwC attribute vocabulary'!$C$3:$C$903, 0)) -> Recommended best practice is to use a controlled vocabulary. | H98: =INDEX('DwC attribute vocabulary'!$G$3:$G$903,MATCH($B98,'DwC attribute vocabulary'!$C$3:$C$903, 0)) -> `EGM84`; `EGM96`; `EGM2008`; `PGM2000A`; `PGM2004`; `PGM2006`; `PGM2007`; `epsg:7030`; `unknown`
A99: 89 | B99: minimumDepthInMeters | C99: =INDEX('DwC attribute vocabulary'!$D$3:$D$903,MATCH(B99,'DwC attribute vocabulary'!$C$3:$C$903, 0)) -> Minimum Depth In Meters | E99: =INDEX('DwC attribute vocabulary'!$J$3:$J$903,MATCH(B99,'DwC attribute vocabulary'!$C$3:$C$903, 0)) -> recommended | F99: =INDEX('DwC attribute vocabulary'!$E$3:$E$903,MATCH(B99,'DwC attribute vocabulary'!$C$3:$C$903, 0)) -> The lesser depth of a range of depth below the local surface, in meters. | G99: =INDEX('DwC attribute vocabulary'!$F$3:$F$903,MATCH($B99,'DwC attribute vocabulary'!$C$3:$C$903, 0)) -> 0 | H99: =INDEX('DwC attribute vocabulary'!$G$3:$G$903,MATCH($B99,'DwC attribute vocabulary'!$C$3:$C$903, 0)) -> `0`; `100`
A100: 90 | B100: maximumDepthInMeters | C100: =INDEX('DwC attribute vocabulary'!$D$3:$D$903,MATCH(B100,'DwC attribute vocabulary'!$C$3:$C$903, 0)) -> Maximum Depth In Meters | E100: =INDEX('DwC attribute vocabulary'!$J$3:$J$903,MATCH(B100,'DwC attribute vocabulary'!$C$3:$C$903, 0)) -> recommended | F100: =INDEX('DwC attribute vocabulary'!$E$3:$E$903,MATCH(B100,'DwC attribute vocabulary'!$C$3:$C$903, 0)) -> The greater depth of a range of depth below the local surface, in meters. | G100: =INDEX('DwC attribute vocabulary'!$F$3:$F$903,MATCH($B100,'DwC attribute vocabulary'!$C$3:$C$903, 0)) -> 0 | H100: =INDEX('DwC attribute vocabulary'!$G$3:$G$903,MATCH($B100,'DwC attribute vocabulary'!$C$3:$C$903, 0)) -> `0`; `200`
A101: 91 | B101: verbatimDepth | C101: =INDEX('DwC attribute vocabulary'!$D$3:$D$903,MATCH(B101,'DwC attribute vocabulary'!$C$3:$C$903, 0)) -> Verbatim Depth | E101: =INDEX('DwC attribute vocabulary'!$J$3:$J$903,MATCH(B101,'DwC attribute vocabulary'!$C$3:$C$903, 0)) -> recommended | F101: =INDEX('DwC attribute vocabulary'!$E$3:$E$903,MATCH(B101,'DwC attribute vocabulary'!$C$3:$C$903, 0)) -> The original description of the depth below the local surface. | G101: =INDEX('DwC attribute vocabulary'!$F$3:$F$903,MATCH($B101,'DwC attribute vocabulary'!$C$3:$C$903, 0)) -> 0 | H101: =INDEX('DwC attribute vocabulary'!$G$3:$G$903,MATCH($B101,'DwC attribute vocabulary'!$C$3:$C$903, 0)) -> `100-200 m`
A102: 92 | B102: minimumDistanceAboveSurfaceInMeters | C102: =INDEX('DwC attribute vocabulary'!$D$3:$D$903,MATCH(B102,'DwC attribute vocabulary'!$C$3:$C$903, 0)) -> Minimum Distance Above Surface In Meters | E102: =INDEX('DwC attribute vocabulary'!$J$3:$J$903,MATCH(B102,'DwC attribute vocabulary'!$C$3:$C$903, 0)) -> recommended | F102: =INDEX('DwC attribute vocabulary'!$E$3:$E$903,MATCH(B102,'DwC attribute vocabulary'!$C$3:$C$903, 0)) -> The lesser distance in a range of distance from a reference surface in the vertical direction, in meters. Use positive values for locations above the surface, negative values for locations below. If depth measures are given, the reference surface is the location given by the depth, otherwise the reference surface is the location given by the elevation. | G102: =INDEX('DwC attribute vocabulary'!$F$3:$F$903,MATCH($B102,'DwC attribute vocabulary'!$C$3:$C$903, 0)) -> 0 | H102: =INDEX('DwC attribute vocabulary'!$G$3:$G$903,MATCH($B102,'DwC attribute vocabulary'!$C$3:$C$903, 0)) -> `-1.5` (below the surface); `4.2` (above the surface); For a 1.5 meter sediment core from the bottom of a lake (at depth 20m) at 300m elevation: verbatimElevation: `300m` minimumElevationInMeters: `300`, maximumElevationInMeters: `300`, verbatimDepth: `20m`, minimumDepthInMeters: `20`, maximumDepthInMeters: `20`, minimumDistanceAboveSurfaceInMeters: `0`, maximumDistanceAboveSurfaceInMeters: `-1.5`.
A103: 93 | B103: maximumDistanceAboveSurfaceInMeters | C103: =INDEX('DwC attribute vocabulary'!$D$3:$D$903,MATCH(B103,'DwC attribute vocabulary'!$C$3:$C$903, 0)) -> Maximum Distance Above Surface In Meters | E103: =INDEX('DwC attribute vocabulary'!$J$3:$J$903,MATCH(B103,'DwC attribute vocabulary'!$C$3:$C$903, 0)) -> recommended | F103: =INDEX('DwC attribute vocabulary'!$E$3:$E$903,MATCH(B103,'DwC attribute vocabulary'!$C$3:$C$903, 0)) -> The greater distance in a range of distance from a reference surface in the vertical direction, in meters. Use positive values for locations above the surface, negative values for locations below. If depth measures are given, the reference surface is the location given by the depth, otherwise the reference surface is the location given by the elevation. | G103: =INDEX('DwC attribute vocabulary'!$F$3:$F$903,MATCH($B103,'DwC attribute vocabulary'!$C$3:$C$903, 0)) -> 0 | H103: =INDEX('DwC attribute vocabulary'!$G$3:$G$903,MATCH($B103,'DwC attribute vocabulary'!$C$3:$C$903, 0)) -> `-1.5` (below the surface); `4.2` (above the surface); For a 1.5 meter sediment core from the bottom of a lake (at depth 20m) at 300m elevation: verbatimElevation: `300m` minimumElevationInMeters: `300`, maximumElevationInMeters: `300`, verbatimDepth: `20m`, minimumDepthInMeters: `20`, maximumDepthInMeters: `20`, minimumDistanceAboveSurfaceInMeters: `0`, maximumDistanceAboveSurfaceInMeters: `-1.5`.
A104: 94 | B104: locationAccordingTo | C104: =INDEX('DwC attribute vocabulary'!$D$3:$D$903,MATCH(B104,'DwC attribute vocabulary'!$C$3:$C$903, 0)) -> Location According To | E104: =INDEX('DwC attribute vocabulary'!$J$3:$J$903,MATCH(B104,'DwC attribute vocabulary'!$C$3:$C$903, 0)) -> recommended | F104: =INDEX('DwC attribute vocabulary'!$E$3:$E$903,MATCH(B104,'DwC attribute vocabulary'!$C$3:$C$903, 0)) -> Information about the source of this Location information. Could be a publication (gazetteer), institution, or team of individuals. | G104: =INDEX('DwC attribute vocabulary'!$F$3:$F$903,MATCH($B104,'DwC attribute vocabulary'!$C$3:$C$903, 0)) -> 0 | H104: =INDEX('DwC attribute vocabulary'!$G$3:$G$903,MATCH($B104,'DwC attribute vocabulary'!$C$3:$C$903, 0)) -> `Getty Thesaurus of Geographic Names`; `GADM`
A105: 95 | B105: locationRemarks | C105: =INDEX('DwC attribute vocabulary'!$D$3:$D$903,MATCH(B105,'DwC attribute vocabulary'!$C$3:$C$903, 0)) -> Location Remarks | E105: =INDEX('DwC attribute vocabulary'!$J$3:$J$903,MATCH(B105,'DwC attribute vocabulary'!$C$3:$C$903, 0)) -> recommended | F105: =INDEX('DwC attribute vocabulary'!$E$3:$E$903,MATCH(B105,'DwC attribute vocabulary'!$C$3:$C$903, 0)) -> Comments or notes about the Location. | G105: =INDEX('DwC attribute vocabulary'!$F$3:$F$903,MATCH($B105,'DwC attribute vocabulary'!$C$3:$C$903, 0)) -> 0 | H105: =INDEX('DwC attribute vocabulary'!$G$3:$G$903,MATCH($B105,'DwC attribute vocabulary'!$C$3:$C$903, 0)) -> `under water since 2005`
A106: 96 | B106: decimalLatitude | C106: =INDEX('DwC attribute vocabulary'!$D$3:$D$903,MATCH(B106,'DwC attribute vocabulary'!$C$3:$C$903, 0)) -> Decimal Latitude | D106: GBIF Primary field | E106: =INDEX('DwC attribute vocabulary'!$J$3:$J$903,MATCH(B106,'DwC attribute vocabulary'!$C$3:$C$903, 0)) -> recommended | F106: =INDEX('DwC attribute vocabulary'!$E$3:$E$903,MATCH(B106,'DwC attribute vocabulary'!$C$3:$C$903, 0)) -> The geographic latitude (in decimal degrees, using the spatial reference system given in geodeticDatum) of the geographic center of a Location. Positive values are north of the Equator, negative values are south of it. Legal values lie between -90 and 90, inclusive. | G106: =INDEX('DwC attribute vocabulary'!$F$3:$F$903,MATCH($B106,'DwC attribute vocabulary'!$C$3:$C$903, 0)) -> 0 | H106: =INDEX('DwC attribute vocabulary'!$G$3:$G$903,MATCH($B106,'DwC attribute vocabulary'!$C$3:$C$903, 0)) -> `-41.0983423`
A107: 97 | B107: decimalLongitude | C107: =INDEX('DwC attribute vocabulary'!$D$3:$D$903,MATCH(B107,'DwC attribute vocabulary'!$C$3:$C$903, 0)) -> Decimal Longitude | D107: GBIF Primary field | E107: =INDEX('DwC attribute vocabulary'!$J$3:$J$903,MATCH(B107,'DwC attribute vocabulary'!$C$3:$C$903, 0)) -> recommended | F107: =INDEX('DwC attribute vocabulary'!$E$3:$E$903,MATCH(B107,'DwC attribute vocabulary'!$C$3:$C$903, 0)) -> The geographic longitude (in decimal degrees, using the spatial reference system given in geodeticDatum) of the geographic center of a Location. Positive values are east of the Greenwich Meridian, negative values are west of it. Legal values lie between -180 and 180, inclusive. | G107: =INDEX('DwC attribute vocabulary'!$F$3:$F$903,MATCH($B107,'DwC attribute vocabulary'!$C$3:$C$903, 0)) -> 0 | H107: =INDEX('DwC attribute vocabulary'!$G$3:$G$903,MATCH($B107,'DwC attribute vocabulary'!$C$3:$C$903, 0)) -> `-121.1761111`
A108: 98 | B108: geodeticDatum | C108: =INDEX('DwC attribute vocabulary'!$D$3:$D$903,MATCH(B108,'DwC attribute vocabulary'!$C$3:$C$903, 0)) -> Geodetic Datum | E108: =INDEX('DwC attribute vocabulary'!$J$3:$J$903,MATCH(B108,'DwC attribute vocabulary'!$C$3:$C$903, 0)) -> recommended | F108: =INDEX('DwC attribute vocabulary'!$E$3:$E$903,MATCH(B108,'DwC attribute vocabulary'!$C$3:$C$903, 0)) -> The ellipsoid, geodetic datum, or spatial reference system (SRS) upon which the geographic coordinates given in decimalLatitude and decimalLongitude as based. | G108: =INDEX('DwC attribute vocabulary'!$F$3:$F$903,MATCH($B108,'DwC attribute vocabulary'!$C$3:$C$903, 0)) -> Recommended best practice is to use the EPSG code of the SRS, if known. Otherwise use a controlled vocabulary for the name or code of the geodetic datum, if known. Otherwise use a controlled vocabulary for the name or code of the ellipsoid, if known. If none of these is known, use the value `unknown`. | H108: =INDEX('DwC attribute vocabulary'!$G$3:$G$903,MATCH($B108,'DwC attribute vocabulary'!$C$3:$C$903, 0)) -> `EPSG:4326`; `WGS84`; `NAD27`; `Campo Inchauspe`; `European 1950`; `Clarke 1866`; `unknown`
A109: 99 | B109: coordinateUncertaintyInMeters | C109: =INDEX('DwC attribute vocabulary'!$D$3:$D$903,MATCH(B109,'DwC attribute vocabulary'!$C$3:$C$903, 0)) -> Coordinate Uncertainty In Meters | D109: GBIF Primary field | E109: =INDEX('DwC attribute vocabulary'!$J$3:$J$903,MATCH(B109,'DwC attribute vocabulary'!$C$3:$C$903, 0)) -> recommended | F109: =INDEX('DwC attribute vocabulary'!$E$3:$E$903,MATCH(B109,'DwC attribute vocabulary'!$C$3:$C$903, 0)) -> The horizontal distance (in meters) from the given decimalLatitude and decimalLongitude describing the smallest circle containing the whole of the Location. Leave the value empty if the uncertainty is unknown, cannot be estimated, or is not applicable (because there are no coordinates). Zero is not a valid value for this term. | G109: =INDEX('DwC attribute vocabulary'!$F$3:$F$903,MATCH($B109,'DwC attribute vocabulary'!$C$3:$C$903, 0)) -> 0 | H109: =INDEX('DwC attribute vocabulary'!$G$3:$G$903,MATCH($B109,'DwC attribute vocabulary'!$C$3:$C$903, 0)) -> `30` (reasonable lower limit on or after 2020-05-01 of a GPS reading under good conditions if the actual precision was not recorded at the time); `100` (reasonable lower limit before 2020-05-01 of a GPS reading under good conditions if the actual precision was not recorded at the time); `71` (uncertainty for a UTM coordinate having 100 meter precision and a known spatial reference system)
A110: 100 | B110: coordinatePrecision | C110: =INDEX('DwC attribute vocabulary'!$D$3:$D$903,MATCH(B110,'DwC attribute vocabulary'!$C$3:$C$903, 0)) -> Coordinate Precision | E110: =INDEX('DwC attribute vocabulary'!$J$3:$J$903,MATCH(B110,'DwC attribute vocabulary'!$C$3:$C$903, 0)) -> recommended | F110: =INDEX('DwC attribute vocabulary'!$E$3:$E$903,MATCH(B110,'DwC attribute vocabulary'!$C$3:$C$903, 0)) -> A decimal representation of the precision of the coordinates given in the decimalLatitude and decimalLongitude. | G110: =INDEX('DwC attribute vocabulary'!$F$3:$F$903,MATCH($B110,'DwC attribute vocabulary'!$C$3:$C$903, 0)) -> 0 | H110: =INDEX('DwC attribute vocabulary'!$G$3:$G$903,MATCH($B110,'DwC attribute vocabulary'!$C$3:$C$903, 0)) -> `0.00001` (normal GPS limit for decimal degrees); `0.000278` (nearest second); `0.01667` (nearest minute); `1.0` (nearest degree)
A111: 101 | B111: pointRadiusSpatialFit | C111: =INDEX('DwC attribute vocabulary'!$D$3:$D$903,MATCH(B111,'DwC attribute vocabulary'!$C$3:$C$903, 0)) -> Point Radius Spatial Fit | E111: =INDEX('DwC attribute vocabulary'!$J$3:$J$903,MATCH(B111,'DwC attribute vocabulary'!$C$3:$C$903, 0)) -> recommended | F111: =INDEX('DwC attribute vocabulary'!$E$3:$E$903,MATCH(B111,'DwC attribute vocabulary'!$C$3:$C$903, 0)) -> The ratio of the area of the point-radius (decimalLatitude, decimalLongitude, coordinateUncertaintyInMeters) to the area of the true (original, or most specific) spatial representation of the Location. Legal values are 0, greater than or equal to 1, or undefined. A value of 1 is an exact match or 100% overlap. A value of 0 should be used if the given point-radius does not completely contain the original representation. The pointRadiusSpatialFit is undefined (and should be left empty) if the original representation is a point without uncertainty and the given georeference is not that same point (without uncertainty). If both the original and the given georeference are the same point, the pointRadiusSpatialFit is 1. | G111: =INDEX('DwC attribute vocabulary'!$F$3:$F$903,MATCH($B111,'DwC attribute vocabulary'!$C$3:$C$903, 0)) -> Detailed explanations with graphical examples can be found in the Georeferencing Best Practices, Chapman and Wieczorek, 2020 (https://doi.org/10.15468/doc-gg7h-s853). | H111: =INDEX('DwC attribute vocabulary'!$G$3:$G$903,MATCH($B111,'DwC attribute vocabulary'!$C$3:$C$903, 0)) -> `0`; `1`; `1.5708`
A112: 102 | B112: verbatimCoordinates | C112: =INDEX('DwC attribute vocabulary'!$D$3:$D$903,MATCH(B112,'DwC attribute vocabulary'!$C$3:$C$903, 0)) -> Verbatim Coordinates | E112: =INDEX('DwC attribute vocabulary'!$J$3:$J$903,MATCH(B112,'DwC attribute vocabulary'!$C$3:$C$903, 0)) -> recommended | F112: =INDEX('DwC attribute vocabulary'!$E$3:$E$903,MATCH(B112,'DwC attribute vocabulary'!$C$3:$C$903, 0)) -> The verbatim original spatial coordinates of the Location. The coordinate ellipsoid, geodeticDatum, or full Spatial Reference System (SRS) for these coordinates should be stored in verbatimSRS and the coordinate system should be stored in verbatimCoordinateSystem. | G112: =INDEX('DwC attribute vocabulary'!$F$3:$F$903,MATCH($B112,'DwC attribute vocabulary'!$C$3:$C$903, 0)) -> 0 | H112: =INDEX('DwC attribute vocabulary'!$G$3:$G$903,MATCH($B112,'DwC attribute vocabulary'!$C$3:$C$903, 0)) -> `41 05 54S 121 05 34W`; `17T 630000 4833400`
A113: 103 | B113: verbatimLatitude | C113: =INDEX('DwC attribute vocabulary'!$D$3:$D$903,MATCH(B113,'DwC attribute vocabulary'!$C$3:$C$903, 0)) -> Verbatim Latitude | E113: =INDEX('DwC attribute vocabulary'!$J$3:$J$903,MATCH(B113,'DwC attribute vocabulary'!$C$3:$C$903, 0)) -> recommended | F113: =INDEX('DwC attribute vocabulary'!$E$3:$E$903,MATCH(B113,'DwC attribute vocabulary'!$C$3:$C$903, 0)) -> The verbatim original latitude of the Location. The coordinate ellipsoid, geodeticDatum, or full Spatial Reference System (SRS) for these coordinates should be stored in verbatimSRS and the coordinate system should be stored in verbatimCoordinateSystem. | G113: =INDEX('DwC attribute vocabulary'!$F$3:$F$903,MATCH($B113,'DwC attribute vocabulary'!$C$3:$C$903, 0)) -> 0 | H113: =INDEX('DwC attribute vocabulary'!$G$3:$G$903,MATCH($B113,'DwC attribute vocabulary'!$C$3:$C$903, 0)) -> `41 05 54.03S`
A114: 104 | B114: verbatimLongitude | C114: =INDEX('DwC attribute vocabulary'!$D$3:$D$903,MATCH(B114,'DwC attribute vocabulary'!$C$3:$C$903, 0)) -> Verbatim Longitude | E114: =INDEX('DwC attribute vocabulary'!$J$3:$J$903,MATCH(B114,'DwC attribute vocabulary'!$C$3:$C$903, 0)) -> recommended | F114: =INDEX('DwC attribute vocabulary'!$E$3:$E$903,MATCH(B114,'DwC attribute vocabulary'!$C$3:$C$903, 0)) -> The verbatim original longitude of the Location. The coordinate ellipsoid, geodeticDatum, or full Spatial Reference System (SRS) for these coordinates should be stored in verbatimSRS and the coordinate system should be stored in verbatimCoordinateSystem. | G114: =INDEX('DwC attribute vocabulary'!$F$3:$F$903,MATCH($B114,'DwC attribute vocabulary'!$C$3:$C$903, 0)) -> 0 | H114: =INDEX('DwC attribute vocabulary'!$G$3:$G$903,MATCH($B114,'DwC attribute vocabulary'!$C$3:$C$903, 0)) -> `121d 10' 34" W`
...

Sheet DwC attribute vocabulary
B1: La siguiente lista de términos del Darwin Core Standard fue obtenida de https://github.com/tdwg/dwc/tree/4e919e11fc9bc342a3a987cf311abc810617ff2d (acceso, 2023-04-28).
B2: iri | C2: term_localName | D2: label | E2: definition | F2: comments | G2: examples | H2: organized_in | I2: issued | J2: status | K2: replaces | L2: rdf_type | M2: term_iri | N2: abcd_equivalence | O2: flags
A3: 1 | B3: http://dublincore.org/usage/terms/history/#type-006 | C3: type | D3: Type | E3: The nature or genre of the resource. | F3: Must be populated with a value from the DCMI type vocabulary (http://dublincore.org/documents/2010/10/11/dcmi-type-vocabulary/). | G3: `StillImage`; `MovingImage`; `Sound`; `PhysicalObject`; `Event`; `Text` | H3: http://purl.org/dc/elements/1.1/ | I3: 2008-01-14 | J3: recommended | K3: http://dublincore.org/usage/terms/history/#typeT-001 | L3: http://www.w3.org/1999/02/22-rdf-syntax-ns#Property | M3: http://purl.org/dc/elements/1.1/type | N3: not in ABCD | O3: simple
A4: 2 | B4: http://dublincore.org/usage/terms/history/#modified-003 | C4: modified | D4: Date Modified | E4: The most recent date-time on which the resource was changed. | F4: Recommended best practice is to use a date that conforms to ISO 8601-1:2019. | G4: `1963-03-08T14:07-0600` (8 Mar 1963 at 2:07pm in the time zone six hours earlier than UTC); `2009-02-20T08:40Z` (20 February 2009 8:40am UTC); `2018-08-29T15:19` (3:19pm local time on 29 August 2018); `1809-02-12` (some time during 12 February 1809); `1906-06` (some time in June 1906); `1971` (some time in the year 1971); `2007-03-01T13:00:00Z/2008-05-11T15:30:00Z` (some time during the interval between 1 March 2007 1pm UTC and 11 May 2008 3:30pm UTC); `1900/1909` (some time during the interval between the beginning of the year 1900 and the end of the year 1909); `2007-11-13/15` (some time in the interval between 13 November 2007 and 15 November 2007) | H4: http://purl.org/dc/terms/ | I4: 2008-01-14 | J4: recommended | L4: http://www.w3.org/1999/02/22-rdf-syntax-ns#Property | M4: http://purl.org/dc/terms/modified | N4: not in ABCD | O4: simple
A5: 3 | B5: http://dublincore.org/usage/terms/history/#language-007 | C5: language | D5: Language | E5: A language of the resource. | F5: Recommended best practice is to use a controlled vocabulary such as RFC 5646. | G5: `en` (for English); `es` (for Spanish) | H5: http://purl.org/dc/elements/1.1/ | I5: 2008-01-14 | J5: recommended | K5: http://dublincore.org/usage/terms/history/#languageT-001 | L5: http://www.w3.org/1999/02/22-rdf-syntax-ns#Property | M5: http://purl.org/dc/elements/1.1/language | N5: not in ABCD | O5: simple
A6: 4 | B6: http://dublincore.org/usage/terms/history/#license-002 | C6: license | D6: License | E6: A legal document giving official permission to do something with the resource. | G6: `http://creativecommons.org/publicdomain/zero/1.0/legalcode`; `http://creativecommons.org/licenses/by/4.0/legalcode` | H6: http://purl.org/dc/terms/ | I6: 2008-01-14 | J6: recommended | K6: http://dublincore.org/usage/terms/history/#rightsT-001 | L6: http://www.w3.org/1999/02/22-rdf-syntax-ns#Property | M6: http://purl.org/dc/terms/license | N6: not in ABCD | O6: simple
A7: 5 | B7: http://dublincore.org/usage/terms/history/#rightsHolder-002 | C7: rightsHolder | D7: Rights Holder | E7: A person or organization owning or managing rights over the resource. | G7: `The Regents of the University of California` | H7: http://purl.org/dc/terms/ | I7: 2008-01-14 | J7: recommended | L7: http://www.w3.org/1999/02/22-rdf-syntax-ns#Property | M7: http://purl.org/dc/terms/rightsHolder | N7: not in ABCD | O7: simple
A8: 6 | B8: http://dublincore.org/usage/terms/history/#accessRights-002 | C8: accessRights | D8: Access Rights | E8: Information about who can access the resource or an indication of its security status. | F8: Access Rights may include information regarding access or restrictions based on privacy, security, or other policies. | G8: `not-for-profit use only`; `https://www.fieldmuseum.org/field-museum-natural-history-conditions-and-suggested-norms-use-collections-data-and-images` | H8: http://purl.org/dc/terms/ | I8: 2008-01-14 | J8: recommended | K8: http://rs.tdwg.org/dwc/terms/version/AccessConstraints-2008-11-19 | L8: http://www.w3.org/1999/02/22-rdf-syntax-ns#Property | M8: http://purl.org/dc/terms/accessRights | N8: not in ABCD | O8: simple
A9: 7 | B9: http://dublincore.org/usage/terms/history/#bibliographicCitation-002 | C9: bibliographicCitation | D9: Bibliographic Citation | E9: A bibliographic reference for the resource as a statement indicating how this record should be cited (attributed) when used. | F9: From Dublin Core, "Recommended practice is to include sufficient bibliographic detail to identify the resource as unambiguously as possible." The intended usage of this term in Darwin Core is to provide the preferred way to cite the resource itself - "how to cite this record". Note that the intended usage of dcterms:references in Darwin Core, by contrast, is to point to the definitive source representation of the resource - "where to find the as-close-to-original reference, if one is available. | G9: Occurrence example: `Museum of Vertebrate Zoology, UC Berkeley. MVZ Mammal Collection (Arctos). Record ID: http://arctos.database.museum/guid/MVZ:Mamm:165861?seid=101356. Source: http://ipt.vertnet.org:8080/ipt/resource.do?r=mvz_mammal.`; Taxon example: `https://www.gbif.org/species/2439608 Source: GBIF Taxonomic Backbone`; Event example: `Rand, K.M., Logerwell, E.A. The first demersal trawl survey of benthic fish and invertebrates in the Beaufort Sea since the late 1970s. Polar Biol 34, 475–488 (2011). https://doi.org/10.1007/s00300-010-0900-2` | H9: http://purl.org/dc/terms/ | I9: 2008-01-14 | J9: recommended | L9: http://www.w3.org/1999/02/22-rdf-syntax-ns#Property | M9: http://purl.org/dc/terms/bibliographicCitation | N9: not in ABCD | O9: simple
A10: 8 | B10: http://dublincore.org/usage/terms/history/#references-003 | C10: references | D10: References | E10: A related resource that is referenced, cited, or otherwise pointed to by the described resource. | F10: From Dublin Core, "This property is intended to be used with non-literal values. This property is an inverse property of Is Referenced By." The intended usage of this term in Darwin Core is to point to the definitive source representation of the resource (e.g., Taxon, Occurrence, Event in Darwin Core), if one is available. Note that the intended usage of dcterms:bibliographicCitation in Darwin Core, by contrast, is to provide the preferred way to cite the resource itself. | G10: MaterialSample example: `http://arctos.database.museum/guid/MVZ:Mamm:165861`; Taxon example: `https://www.catalogueoflife.org/data/taxon/32664` | H10: http://purl.org/dc/terms/ | I10: 2008-01-14 | J10: recommended | L10: http://www.w3.org/1999/02/22-rdf-syntax-ns#Property | M10: http://purl.org/dc/terms/references | N10: not in ABCD | O10: simple
A11: 9 | B11: http://rs.tdwg.org/dwc/terms/version/institutionID-2017-10-06 | C11: institutionID | D11: Institution ID | E11: An identifier for the institution having custody of the object(s) or information referred to in the record. | F11: For physical specimens, the recommended best practice is to use an identifier from a collections registry such as the Global Registry of Biodiversity Repositories (http://grbio.org/). | G11: `http://biocol.org/urn:lsid:biocol.org:col:34777`; `http://grbio.org/cool/km06-gtbn` | H11: http://rs.tdwg.org/dwc/terms/ | I11: 2017-10-06 | J11: recommended | K11: http://rs.tdwg.org/dwc/terms/version/institutionID-2009-09-11 | L11: http://www.w3.org/1999/02/22-rdf-syntax-ns#Property | M11: http://rs.tdwg.org/dwc/terms/institutionID | N11: DataSets/DataSet/Units/Unit/SourceInstitutionID | O11: simple
A12: 10 | B12: http://rs.tdwg.org/dwc/terms/version/collectionID-2017-10-06 | C12: collectionID | D12: Collection ID | E12: An identifier for the collection or dataset from which the record was derived. | F12: For physical specimens, the recommended best practice is to use an identifier from a collections registry such as the Global Registry of Biodiversity Repositories (http://grbio.org/). | G12: `http://biocol.org/urn:lsid:biocol.org:col:1001`; `http://grbio.org/cool/p5fp-c036` | H12: http://rs.tdwg.org/dwc/terms/ | I12: 2017-10-06 | J12: recommended | K12: http://rs.tdwg.org/dwc/terms/version/collectionID-2009-09-11 | L12: http://www.w3.org/1999/02/22-rdf-syntax-ns#Property | M12: http://rs.tdwg.org/dwc/terms/collectionID | N12: DataSets/DataSet/Units/Unit/SourceID | O12: simple
A13: 11 | B13: http://rs.tdwg.org/dwc/terms/version/datasetID-2017-10-06 | C13: datasetID | D13: Dataset ID | E13: An identifier for the set of data. May be a global unique identifier or an identifier specific to a collection or institution. | G13: `b15d4952-7d20-46f1-8a3e-556a512b04c5` | H13: http://rs.tdwg.org/dwc/terms/ | I13: 2017-10-06 | J13: recommended | K13: http://rs.tdwg.org/dwc/terms/version/datasetID-2009-09-11 | L13: http://www.w3.org/1999/02/22-rdf-syntax-ns#Property | M13: http://rs.tdwg.org/dwc/terms/datasetID | N13: DataSets/DataSet/DataSetGUID | O13: simple
A14: 12 | B14: http://rs.tdwg.org/dwc/terms/version/institutionCode-2017-10-06 | C14: institutionCode | D14: Institution Code | E14: The name (or acronym) in use by the institution having custody of the object(s) or information referred to in the record. | G14: `MVZ`; `FMNH`; `CLO`; `UCMP` | H14: http://rs.tdwg.org/dwc/terms/ | I14: 2017-10-06 | J14: recommended | K14: http://rs.tdwg.org/dwc/terms/version/institutionCode-2009-09-11 | L14: http://www.w3.org/1999/02/22-rdf-syntax-ns#Property | M14: http://rs.tdwg.org/dwc/terms/institutionCode | N14: DataSets/DataSet/Units/Unit/SourceInstitutionID | O14: simple
A15: 13 | B15: http://rs.tdwg.org/dwc/terms/version/collectionCode-2017-10-06 | C15: collectionCode | D15: Collection Code | E15: The name, acronym, coden, or initialism identifying the collection or data set from which the record was derived. | G15: `Mammals`; `Hildebrandt`; `EBIRD`; `VP` | H15: http://rs.tdwg.org/dwc/terms/ | I15: 2017-10-06 | J15: recommended | K15: http://rs.tdwg.org/dwc/terms/version/collectionCode-2009-09-11 | L15: http://www.w3.org/1999/02/22-rdf-syntax-ns#Property | M15: http://rs.tdwg.org/dwc/terms/collectionCode | N15: DataSets/DataSet/Units/Unit/SourceID | O15: simple
A16: 14 | B16: http://rs.tdwg.org/dwc/terms/version/datasetName-2017-10-06 | C16: datasetName | D16: Dataset Name | E16: The name identifying the data set from which the record was derived. | G16: `Grinnell Resurvey Mammals`; `Lacey Ctenomys Recaptures` | H16: http://rs.tdwg.org/dwc/terms/ | I16: 2017-10-06 | J16: recommended | K16: http://rs.tdwg.org/dwc/terms/version/datasetName-2009-09-11 | L16: http://www.w3.org/1999/02/22-rdf-syntax-ns#Property | M16: http://rs.tdwg.org/dwc/terms/datasetName | N16: DataSets/DataSet/Units/Unit/SourceID | O16: simple
A17: 15 | B17: http://rs.tdwg.org/dwc/terms/version/ownerInstitutionCode-2017-10-06 | C17: ownerInstitutionCode | D17: Owner Institution Code | E17: The name (or acronym) in use by the institution having ownership of the object(s) or information referred to in the record. | G17: `NPS`; `APN`; `InBio` | H17: http://rs.tdwg.org/dwc/terms/ | I17: 2017-10-06 | J17: recommended | K17: http://rs.tdwg.org/dwc/terms/version/ownerInstitutionCode-2009-08-24 | L17: http://www.w3.org/1999/02/22-rdf-syntax-ns#Property | M17: http://rs.tdwg.org/dwc/terms/ownerInstitutionCode | N17: not in ABCD | O17: simple
A18: 16 | B18: http://rs.tdwg.org/dwc/terms/version/basisOfRecord-2021-07-15 | C18: basisOfRecord | D18: Basis of Record | E18: The specific nature of the data record. | F18: Recommended best practice is to use the standard label of one of the Darwin Core classes. | G18: `PreservedSpecimen`; `FossilSpecimen`; `LivingSpecimen`; `MaterialSample`; `Event`; `HumanObservation`; `MachineObservation`; `Taxon`; `Occurrence`; `MaterialCitation` | H18: http://rs.tdwg.org/dwc/terms/ | I18: 2021-07-15 | J18: recommended | K18: http://rs.tdwg.org/dwc/terms/version/basisOfRecord-2017-10-06 | L18: http://www.w3.org/1999/02/22-rdf-syntax-ns#Property | M18: http://rs.tdwg.org/dwc/terms/basisOfRecord | N18: DataSets/DataSet/Units/Unit/RecordBasis | O18: simple
A19: 17 | B19: http://rs.tdwg.org/dwc/terms/version/informationWithheld-2017-10-06 | C19: informationWithheld | D19: Information Withheld | E19: Additional information that exists, but that has not been shared in the given record. | G19: `location information not given for endangered species`; `collector identities withheld | ask about tissue samples` | H19: http://rs.tdwg.org/dwc/terms/ | I19: 2017-10-06 | J19: recommended | K19: http://rs.tdwg.org/dwc/terms/version/informationWithheld-2009-04-24 | L19: http://www.w3.org/1999/02/22-rdf-syntax-ns#Property | M19: http://rs.tdwg.org/dwc/terms/informationWithheld | N19: DataSets/DataSet/Units/Unit/InformationWithheld | O19: simple
A20: 18 | B20: http://rs.tdwg.org/dwc/terms/version/dataGeneralizations-2017-10-06 | C20: dataGeneralizations | D20: Data Generalizations | E20: Actions taken to make the shared data less specific or complete than in its original form. Suggests that alternative data of higher quality may be available on request. | G20: `Coordinates generalized from original GPS coordinates to the nearest half degree grid cell` | H20: http://rs.tdwg.org/dwc/terms/ | I20: 2017-10-06 | J20: recommended | K20: http://rs.tdwg.org/dwc/terms/version/dataGeneralizations-2009-04-24 | L20: http://www.w3.org/1999/02/22-rdf-syntax-ns#Property | M20: http://rs.tdwg.org/dwc/terms/dataGeneralizations | N20: not in ABCD | O20: simple
A21: 19 | B21: http://rs.tdwg.org/dwc/terms/version/dynamicProperties-2017-10-06 | C21: dynamicProperties | D21: Dynamic Properties | E21: A list of additional measurements, facts, characteristics, or assertions about the record. Meant to provide a mechanism for structured content. | F21: Recommended best practice is to use a key:value encoding schema for a data interchange format such as JSON. | G21: `{"heightInMeters":1.5}`; `{"tragusLengthInMeters":0.014, "weightInGrams":120}`; `{"natureOfID":"expert identification", "identificationEvidence":"cytochrome B sequence"}`; `{"relativeHumidity":28, "airTemperatureInCelsius":22, "sampleSizeInKilograms":10}`; `{"aspectHeading":277, "slopeInDegrees":6}`; `{"iucnStatus":"vulnerable", "taxonDistribution":"Neuquén, Argentina"}` | H21: http://rs.tdwg.org/dwc/terms/ | I21: 2017-10-06 | J21: recommended | K21: http://rs.tdwg.org/dwc/terms/version/dynamicProperties-2014-10-23 | L21: http://www.w3.org/1999/02/22-rdf-syntax-ns#Property | M21: http://rs.tdwg.org/dwc/terms/dynamicProperties | N21: not in ABCD | O21: simple
A22: 20 | B22: http://rs.tdwg.org/dwc/terms/version/Occurrence-2020-08-20 | C22: Occurrence | D22: Occurrence | E22: An existence of an Organism (sensu http://rs.tdwg.org/dwc/terms/Organism) at a particular place at a particular time. | G22: A wolf pack on the shore of Kluane Lake in 1988. A virus in a plant leaf in the New York Botanical Garden at 15:29 on 2014-10-23. A fungus in Central Park in the summer of 1929. | I22: 2020-08-20 | J22: recommended | K22: http://rs.tdwg.org/dwc/terms/version/Occurrence-2018-09-06 | L22: http://www.w3.org/2000/01/rdf-schema#Class | M22: http://rs.tdwg.org/dwc/terms/Occurrence | N22: DataSets/DataSet/Units/Unit | O22: extension
A23: 21 | B23: http://rs.tdwg.org/dwc/terms/version/occurrenceID-2017-10-06 | C23: occurrenceID | D23: Occurrence ID | E23: An identifier for the Occurrence (as opposed to a particular digital record of the occurrence). In the absence of a persistent global unique identifier, construct one from a combination of identifiers in the record that will most closely make the occurrenceID globally unique. | F23: Recommended best practice is to use a persistent, globally unique identifier. | G23: `http://arctos.database.museum/guid/MSB:Mamm:233627`; `000866d2-c177-4648-a200-ead4007051b9`; `urn:catalog:UWBM:Bird:89776` | H23: http://rs.tdwg.org/dwc/terms/Occurrence | I23: 2017-10-06 | J23: recommended | K23: http://rs.tdwg.org/dwc/terms/version/occurrenceID-2009-04-24 | L23: http://www.w3.org/1999/02/22-rdf-syntax-ns#Property | M23: http://rs.tdwg.org/dwc/terms/occurrenceID | N23: DataSets/DataSet/Units/Unit/UnitGUID | O23: simple
A24: 22 | B24: http://rs.tdwg.org/dwc/terms/version/catalogNumber-2017-10-06 | C24: catalogNumber | D24: Catalog Number | E24: An identifier (preferably unique) for the record within the data set or collection. | G24: `145732`; `145732a`; `2008.1334`; `R-4313` | H24: http://rs.tdwg.org/dwc/terms/Occurrence | I24: 2017-10-06 | J24: recommended | K24: http://rs.tdwg.org/dwc/terms/version/catalogNumber-2009-04-24 | L24: http://www.w3.org/1999/02/22-rdf-syntax-ns#Property | M24: http://rs.tdwg.org/dwc/terms/catalogNumber | N24: DataSets/DataSet/Units/Unit/UnitID | O24: simple
A25: 23 | B25: http://rs.tdwg.org/dwc/terms/version/recordNumber-2017-10-06 | C25: recordNumber | D25: Record Number | E25: An identifier given to the Occurrence at the time it was recorded. Often serves as a link between field notes and an Occurrence record, such as a specimen collector's number. | G25: `OPP 7101` | H25: http://rs.tdwg.org/dwc/terms/Occurrence | I25: 2017-10-06 | J25: recommended | K25: http://rs.tdwg.org/dwc/terms/version/recordNumber-2009-04-24 | L25: http://www.w3.org/1999/02/22-rdf-syntax-ns#Property | M25: http://rs.tdwg.org/dwc/terms/recordNumber | N25: DataSets/DataSet/Units/Unit/CollectorsFieldNumber | O25: simple
A26: 24 | B26: http://rs.tdwg.org/dwc/terms/version/recordedBy-2017-10-06 | C26: recordedBy | D26: Recorded By | E26: A list (concatenated and separated) of names of people, groups, or organizations responsible for recording the original Occurrence. The primary collector or observer, especially one who applies a personal identifier (recordNumber), should be listed first. | F26: Recommended best practice is to separate the values in a list with space vertical bar space (` | `). | G26: `José E. Crespo`; `Oliver P. Pearson | Anita K. Pearson` (where the value in recordNumber `OPP 7101` corresponds to the collector number for the specimen in the field catalog of Oliver P. Pearson) | H26: http://rs.tdwg.org/dwc/terms/Occurrence | I26: 2017-10-06 | J26: recommended | K26: http://rs.tdwg.org/dwc/terms/version/recordedBy-2014-10-23 | L26: http://www.w3.org/1999/02/22-rdf-syntax-ns#Property | M26: http://rs.tdwg.org/dwc/terms/recordedBy | N26: DataSets/DataSet/Units/Unit/Gathering/GatheringAgents/GatheringAgentsText | O26: simple
A27: 25 | B27: http://rs.tdwg.org/dwc/terms/version/recordedByID-2021-07-15 | C27: recordedByID | D27: Recorded By ID | E27: A list (concatenated and separated) of the globally unique identifier for the person, people, groups, or organizations responsible for recording the original Occurrence. | F27: Recommended best practice is to provide a single identifier that disambiguates the details of the identifying agent. If a list is used, it is recommended to separate the values in the list with space vertical bar space (` | `). The order of the identifiers on any list for this term can not be guaranteed to convey any semantics. | G27: `https://orcid.org/0000-0002-1825-0097` (for an individual); `https://orcid.org/0000-0002-1825-0097 | https://orcid.org/0000-0002-1825-0098` (for a list of people) | H27: http://rs.tdwg.org/dwc/terms/Occurrence | I27: 2021-07-15 | J27: recommended | L27: http://www.w3.org/1999/02/22-rdf-syntax-ns#Property | M27: http://rs.tdwg.org/dwc/terms/recordedByID | N27: not in ABCD | O27: simple
A28: 26 | B28: http://rs.tdwg.org/dwc/terms/version/individualCount-2021-07-15 | C28: individualCount | D28: Individual Count | E28: The number of individuals present at the time of the Occurrence. | G28: `0`; `1`; `25` | H28: http://rs.tdwg.org/dwc/terms/Occurrence | I28: 2021-07-15 | J28: recommended | K28: http://rs.tdwg.org/dwc/terms/version/individualCount-2017-10-06 | L28: http://www.w3.org/1999/02/22-rdf-syntax-ns#Property | M28: http://rs.tdwg.org/dwc/terms/individualCount | N28: DataSets/DataSet/Units/Unit/Gathering/SiteMeasurementsOrFacts/SiteMeasurementOrFact/MeasurementOrFactAtomised/LowerValue | O28: simple
A29: 27 | B29: http://rs.tdwg.org/dwc/terms/version/organismQuantity-2021-07-15 | C29: organismQuantity | D29: Organism Quantity | E29: A number or enumeration value for the quantity of organisms. | F29: An organismQuantity must have a corresponding organismQuantityType. | G29: `27` (organismQuantity) with `individuals` (organismQuantityType); `12.5` (organismQuantity) with `% biomass` (organismQuantityType); `r` (organismQuantity) with `Braun Blanquet Scale` (organismQuantityType); `many` (organismQuantity) with `individuals` (organismQuantityType) | H29: http://rs.tdwg.org/dwc/terms/Occurrence | I29: 2021-07-15 | J29: recommended | K29: http://rs.tdwg.org/dwc/terms/version/organismQuantity-2017-10-06 | L29: http://www.w3.org/1999/02/22-rdf-syntax-ns#Property | M29: http://rs.tdwg.org/dwc/terms/organismQuantity | N29: not in ABCD | O29: simple
A30: 28 | B30: http://rs.tdwg.org/dwc/terms/version/organismQuantityType-2017-10-06 | C30: organismQuantityType | D30: Organism Quantity Type | E30: The type of quantification system used for the quantity of organisms. | F30: A dwc:organismQuantityType must have a corresponding dwc:organismQuantity. | G30: `27` (organismQuantity) with `individuals` (organismQuantityType); `12.5` (organismQuantity) with `% biomass` (organismQuantityType); `r` (organismQuantity) with `Braun Blanquet Scale` (organismQuantityType); `many` (organismQuantity) with `individuals` (organismQuantityType) | H30: http://rs.tdwg.org/dwc/terms/Occurrence | I30: 2017-10-06 | J30: recommended | K30: http://rs.tdwg.org/dwc/terms/version/organismQuantityType-2014-12-23 | L30: http://www.w3.org/1999/02/22-rdf-syntax-ns#Property | M30: http://rs.tdwg.org/dwc/terms/organismQuantityType | N30: not in ABCD | O30: simple
A31: 29 | B31: http://rs.tdwg.org/dwc/terms/version/sex-2017-10-06 | C31: sex | D31: Sex | E31: The sex of the biological individual(s) represented in the Occurrence. | F31: Recommended best practice is to use a controlled vocabulary. | G31: `female`; `male`; `hermaphrodite` | H31: http://rs.tdwg.org/dwc/terms/Occurrence | I31: 2017-10-06 | J31: recommended | K31: http://rs.tdwg.org/dwc/terms/version/sex-2009-04-24 | L31: http://www.w3.org/1999/02/22-rdf-syntax-ns#Property | M31: http://rs.tdwg.org/dwc/terms/sex | N31: DataSets/DataSet/Units/Unit/Sex | O31: simple
A32: 30 | B32: http://rs.tdwg.org/dwc/terms/version/lifeStage-2021-07-15 | C32: lifeStage | D32: Life Stage | E32: The age class or life stage of the Organism(s) at the time the Occurrence was recorded. | F32: Recommended best practice is to use a controlled vocabulary. | G32: `zygote`; `larva`; `juvenile`; `adult`; `seedling`; `flowering`; `fruiting` | H32: http://rs.tdwg.org/dwc/terms/Occurrence | I32: 2021-07-15 | J32: recommended | K32: http://rs.tdwg.org/dwc/terms/version/lifeStage-2017-10-06 | L32: http://www.w3.org/1999/02/22-rdf-syntax-ns#Property | M32: http://rs.tdwg.org/dwc/terms/lifeStage | N32: DataSets/DataSet/Units/Unit/MycologicalUnit/MycologicalSexualStage or DataSets/DataSet/Units/Unit/MycologicalUnit/MycologicalLiveStages/MycologicalLiveStage or DataSets/DataSet/Units/Unit/ZoologicalUnit/PhasesOrStages/PhaseOrStage | O32: simple
A33: 31 | B33: http://rs.tdwg.org/dwc/terms/version/reproductiveCondition-2017-10-06 | C33: reproductiveCondition | D33: Reproductive Condition | E33: The reproductive condition of the biological individual(s) represented in the Occurrence. | F33: Recommended best practice is to use a controlled vocabulary. | G33: `non-reproductive`; `pregnant`; `in bloom`; `fruit-bearing` | H33: http://rs.tdwg.org/dwc/terms/Occurrence | I33: 2017-10-06 | J33: recommended | K33: http://rs.tdwg.org/dwc/terms/version/reproductiveCondition-2009-04-24 | L33: http://www.w3.org/1999/02/22-rdf-syntax-ns#Property | M33: http://rs.tdwg.org/dwc/terms/reproductiveCondition | N33: not in ABCD | O33: simple
A34: 32 | B34: http://rs.tdwg.org/dwc/terms/version/behavior-2017-10-06 | C34: behavior | D34: Behavior | E34: The behavior shown by the subject at the time the Occurrence was recorded. | G34: `roosting`; `foraging`; `running` | H34: http://rs.tdwg.org/dwc/terms/Occurrence | I34: 2017-10-06 | J34: recommended | K34: http://rs.tdwg.org/dwc/terms/version/behavior-2009-04-24 | L34: http://www.w3.org/1999/02/22-rdf-syntax-ns#Property | M34: http://rs.tdwg.org/dwc/terms/behavior | N34: not in ABCD | O34: simple
A35: 33 | B35: http://rs.tdwg.org/dwc/terms/version/establishmentMeans-2021-03-29 | C35: establishmentMeans | D35: Establishment Means | E35: Statement about whether an organism or organisms have been introduced to a given place and time through the direct or indirect activity of modern humans. | F35: Recommended best practice is to use controlled value strings from the controlled vocabulary designated for use with this term, listed at http://rs.tdwg.org/dwc/doc/em/. For details, refer to https://doi.org/10.3897/biss.3.38084 | G35: `native`; `nativeReintroduced`; `introduced`; `introducedAssistedColonisation`; `vagrant`; `uncertain` | H35: http://rs.tdwg.org/dwc/terms/Occurrence | I35: 2021-03-29 | J35: recommended | K35: http://rs.tdwg.org/dwc/terms/version/establishmentMeans-2020-10-28 | L35: http://www.w3.org/1999/02/22-rdf-syntax-ns#Property | M35: http://rs.tdwg.org/dwc/terms/establishmentMeans | N35: DataSets/DataSet/Units/Unit/Gathering/EstablishmentMeans | O35: simple
A36: 34 | B36: http://rs.tdwg.org/dwc/terms/version/degreeOfEstablishment-2021-03-29 | C36: degreeOfEstablishment | D36: Degree of Establishment | E36: The degree to which an Organism survives, reproduces, and expands its range at the given place and time. | F36: Recommended best practice is to use controlled value strings from the controlled vocabulary designated for use with this term, listed at http://rs.tdwg.org/dwc/doc/doe/. For details, refer to https://doi.org/10.3897/biss.3.38084 | G36: `native`; `captive`; `cultivated`; `released`; `failing`; `casual`; `reproducing`; `established`; `colonising`; `invasive`; `widespreadInvasive` | H36: http://rs.tdwg.org/dwc/terms/Occurrence | I36: 2021-03-29 | J36: recommended | K36: http://rs.tdwg.org/dwc/terms/version/degreeOfEstablishment-2020-10-13 | L36: http://www.w3.org/1999/02/22-rdf-syntax-ns#Property | M36: http://rs.tdwg.org/dwc/terms/degreeOfEstablishment | O36: simple
A37: 35 | B37: http://rs.tdwg.org/dwc/terms/version/pathway-2021-03-29 | C37: pathway | D37: Pathway | E37: The process by which an Organism came to be in a given place at a given time. | F37: Recommended best practice is to use controlled value strings from the controlled vocabulary designated for use with this term, listed at http://rs.tdwg.org/dwc/doc/pw/. For details, refer to https://doi.org/10.3897/biss.3.38084 | G37: `releasedForUse`; `otherEscape`; `transportContaminant`; `transportStowaway`; `corridor`; `unaided` | H37: http://rs.tdwg.org/dwc/terms/Occurrence | I37: 2021-03-29 | J37: recommended | K37: http://rs.tdwg.org/dwc/terms/version/pathway-2020-10-13 | L37: http://www.w3.org/1999/02/22-rdf-syntax-ns#Property | M37: http://rs.tdwg.org/dwc/terms/pathway | O37: simple
A38: 36 | B38: http://rs.tdwg.org/dwc/terms/version/georeferenceVerificationStatus-2021-07-15 | C38: georeferenceVerificationStatus | D38: Georeference Verification Status | E38: A categorical description of the extent to which the georeference has been verified to represent the best possible spatial description for the Location of the Occurrence. | F38: Recommended best practice is to use a controlled vocabulary. | G38: `unable to georeference`; `requires georeference`; `requires verification`; `verified by data custodian`; `verified by contributor` | H38: http://rs.tdwg.org/dwc/terms/Occurrence | I38: 2021-07-15 | J38: recommended | K38: http://rs.tdwg.org/dwc/terms/version/georeferenceVerificationStatus-2017-10-06 | L38: http://www.w3.org/1999/02/22-rdf-syntax-ns#Property | M38: http://rs.tdwg.org/dwc/terms/georeferenceVerificationStatus | N38: DataSets/DataSet/Units/Unit/Gathering/SiteCoordinateSets/SiteCoordinates/GeoreferenceVerificationStatus | O38: simple
A39: 37 | B39: http://rs.tdwg.org/dwc/terms/version/occurrenceStatus-2021-07-15 | C39: occurrenceStatus | D39: Occurrence Status | E39: A statement about the presence or absence of a Taxon at a Location. | F39: For Occurrences, the default vocabulary is recommended to consist of `present` and `absent`, but can be extended by implementers with good justification. | G39: `present`; `absent` | H39: http://rs.tdwg.org/dwc/terms/Occurrence | I39: 2021-07-15 | J39: recommended | K39: http://rs.tdwg.org/dwc/terms/version/occurrenceStatus-2017-10-06 | L39: http://www.w3.org/1999/02/22-rdf-syntax-ns#Property | M39: http://rs.tdwg.org/dwc/terms/occurrenceStatus | N39: not in ABCD | O39: simple
A40: 38 | B40: http://rs.tdwg.org/dwc/terms/version/preparations-2017-10-06 | C40: preparations | D40: Preparations | E40: A list (concatenated and separated) of preparations and preservation methods for a specimen. | F40: Recommended best practice is to separate the values in a list with space vertical bar space (` | `). | G40: `fossil`; `cast`; `photograph`; `DNA extract`; `skin | skull | skeleton`; `whole animal (ETOH) | tissue (EDTA)` | H40: http://rs.tdwg.org/dwc/terms/Occurrence | I40: 2017-10-06 | J40: recommended | K40: http://rs.tdwg.org/dwc/terms/version/preparations-2014-10-23 | L40: http://www.w3.org/1999/02/22-rdf-syntax-ns#Property | M40: http://rs.tdwg.org/dwc/terms/preparations | N40: DataSets/DataSet/Units/Unit/SpecimenUnit/Preparations/PreparationsText | O40: simple
A41: 39 | B41: http://rs.tdwg.org/dwc/terms/version/disposition-2017-10-06 | C41: disposition | D41: Disposition | E41: The current state of a specimen with respect to the collection identified in collectionCode or collectionID. | F41: Recommended best practice is to use a controlled vocabulary. | G41: `in collection`; `missing`; `voucher elsewhere`; `duplicates elsewhere` | H41: http://rs.tdwg.org/dwc/terms/Occurrence | I41: 2017-10-06 | J41: recommended | K41: http://rs.tdwg.org/dwc/terms/version/disposition-2009-04-24 | L41: http://www.w3.org/1999/02/22-rdf-syntax-ns#Property | M41: http://rs.tdwg.org/dwc/terms/disposition | N41: DataSets/DataSet/Units/Unit/SpecimenUnit/Disposition | O41: simple
A42: 40 | B42: http://rs.tdwg.org/dwc/terms/version/associatedMedia-2020-08-12 | C42: associatedMedia | D42: Associated Media | E42: A list (concatenated and separated) of identifiers (publication, global unique identifier, URI) of media associated with the Occurrence. | G42: `https://arctos.database.museum/media/10520962 | https://arctos.database.museum/media/10520964` | H42: http://rs.tdwg.org/dwc/terms/Occurrence | I42: 2020-08-12 | J42: recommended | K42: http://rs.tdwg.org/dwc/terms/version/associatedMedia-2017-10-06 | L42: http://www.w3.org/1999/02/22-rdf-syntax-ns#Property | M42: http://rs.tdwg.org/dwc/terms/associatedMedia | N42: DataSets/DataSet/Units/Unit/MultimediaObjects | O42: simple
A43: 41 | B43: http://rs.tdwg.org/dwc/terms/version/associatedOccurrences-2021-07-15 | C43: associatedOccurrences | D43: Associated Occurrences | E43: A list (concatenated and separated) of identifiers of other Occurrence records and their associations to this Occurrence. | F43: This term can be used to provide a list of associations to other Occurrences. Note that the ResourceRelationship class is an alternative means of representing associations, and with more detail. Recommended best practice is to separate the values in a list with space vertical bar space (` | `). | G43: `"parasite collected from":"https://arctos.database.museum/guid/MSB:Mamm:215895?seid=950760"`; `"encounter previous to":"http://arctos.database.museum/guid/MSB:Mamm:292063?seid=3175067" | "encounter previous to":"http://arctos.database.museum/guid/MSB:Mamm:292063?seid=3177393" | "encounter previous to":"http://arctos.database.museum/guid/MSB:Mamm:292063?seid=3177394" | "encounter previous to":"http://arctos.database.museum/guid/MSB:Mamm:292063?seid=3177392" | "encounter previous to":"http://arctos.database.museum/guid/MSB:Mamm:292063?seid=3609139"` | H43: http://rs.tdwg.org/dwc/terms/Occurrence | I43: 2021-07-15 | J43: recommended | K43: http://rs.tdwg.org/dwc/terms/version/associatedOccurrences-2017-10-06 | L43: http://www.w3.org/1999/02/22-rdf-syntax-ns#Property | M43: http://rs.tdwg.org/dwc/terms/associatedOccurrences | N43: DataSets/DataSet/Units/Unit/Associations/UnitAssociation/AssociatedUnitSourceInstitutionCode + DataSets/DataSet/Units/Unit/Associations/UnitAssociation/AssociatedUnitSourceName + DataSets/DataSet/Units/Unit/Associations/UnitAssociation/AssociatedUnitID | O43: simple
A44: 42 | B44: http://rs.tdwg.org/dwc/terms/version/associatedReferences-2021-07-15 | C44: associatedReferences | D44: Associated References | E44: A list (concatenated and separated) of identifiers (publication, bibliographic reference, global unique identifier, URI) of literature associated with the Occurrence. | F44: Recommended best practice is to separate the values in a list with space vertical bar space (` | `). Note that the ResourceRelationship class is an alternative means of representing associations, and with more detail. Note also that the intended usage of the term dcterms:references in Darwin Core when applied to an Occurrence is to point to the definitive source representation of that Occurrence if one is available. Note also that the intended usage of dcterms:bibliographicCitation in Darwin Core when applied to an Occurrence is to provide the preferred way to cite the Occurrence itself. | G44: `http://www.sciencemag.org/cgi/content/abstract/322/5899/261`; `Christopher J. Conroy, Jennifer L. Neuwald. 2008. Phylogeographic study of the California vole, Microtus californicus Journal of Mammalogy, 89(3):755-767.`; `Steven R. Hoofer and Ronald A. Van Den Bussche. 2001. Phylogenetic Relationships of Plecotine Bats and Allies Based on Mitochondrial Ribosomal Sequences. Journal of Mammalogy 82(1):131-137. | Walker, Faith M., Jeffrey T. Foster, Kevin P. Drees, Carol L. Chambers. 2014. Spotted bat (Euderma maculatum) microsatellite discovery using illumina sequencing. Conservation Genetics Resources.` | H44: http://rs.tdwg.org/dwc/terms/Occurrence | I44: 2021-07-15 | J44: recommended | K44: http://rs.tdwg.org/dwc/terms/version/associatedReferences-2017-10-06 | L44: http://www.w3.org/1999/02/22-rdf-syntax-ns#Property | M44: http://rs.tdwg.org/dwc/terms/associatedReferences | N44: DataSets/DataSet/Units/Unit/UnitReferences | O44: simple
A45: 43 | B45: http://rs.tdwg.org/dwc/terms/version/associatedSequences-2017-10-06 | C45: associatedSequences | D45: Associated Sequences | E45: A list (concatenated and separated) of identifiers (publication, global unique identifier, URI) of genetic sequence information associated with the Occurrence. | G45: `http://www.ncbi.nlm.nih.gov/nuccore/U34853.1`; `http://www.ncbi.nlm.nih.gov/nuccore/GU328060 | http://www.ncbi.nlm.nih.gov/nuccore/AF326093` | H45: http://rs.tdwg.org/dwc/terms/Occurrence | I45: 2017-10-06 | J45: recommended | K45: http://rs.tdwg.org/dwc/terms/version/associatedSequences-2014-10-23 | L45: http://www.w3.org/1999/02/22-rdf-syntax-ns#Property | M45: http://rs.tdwg.org/dwc/terms/associatedSequences | N45: DataSets/DataSet/Units/Unit/Sequences/Sequence/ID-in-Database + constant | O45: simple
A46: 44 | B46: http://rs.tdwg.org/dwc/terms/version/associatedTaxa-2021-07-15 | C46: associatedTaxa | D46: Associated Taxa | E46: A list (concatenated and separated) of identifiers or names of taxa and the associations of this Occurrence to each of them. | F46: This term can be used to provide a list of associations to Taxa other than the one defined in the Occurrence. Note that the ResourceRelationship class is an alternative means of representing associations, and with more detail. This term is not apt for establishing relationships between Taxa, only between specific Occurrences of an Organism with other Taxa. Recommended best practice is to separate the values in a list with space vertical bar space (` | `). | G46: `"host":"Quercus alba"`; `"host":"gbif.org/species/2879737"`; `"parasitoid of":"Cyclocephala signaticollis" | "predator of":"Apis mellifera"` | H46: http://rs.tdwg.org/dwc/terms/Occurrence | I46: 2021-07-15 | J46: recommended | K46: http://rs.tdwg.org/dwc/terms/version/associatedTaxa-2017-10-06 | L46: http://www.w3.org/1999/02/22-rdf-syntax-ns#Property | M46: http://rs.tdwg.org/dwc/terms/associatedTaxa | N46: DataSets/DataSet/Units/Unit/Gathering/Synecology/AssociatedTaxa | O46: simple
A47: 45 | B47: http://rs.tdwg.org/dwc/terms/version/otherCatalogNumbers-2017-10-06 | C47: otherCatalogNumbers | D47: Other Catalog Numbers | E47: A list (concatenated and separated) of previous or alternate fully qualified catalog numbers or other human-used identifiers for the same Occurrence, whether in the current or any other data set or collection. | F47: Recommended best practice is to separate the values in a list with space vertical bar space (` | `). | G47: `FMNH:Mammal:1234`; `NPS YELLO6778 | MBG 33424` | H47: http://rs.tdwg.org/dwc/terms/Occurrence | I47: 2017-10-06 | J47: recommended | K47: http://rs.tdwg.org/dwc/terms/version/otherCatalogNumbers-2014-10-23 | L47: http://www.w3.org/1999/02/22-rdf-syntax-ns#Property | M47: http://rs.tdwg.org/dwc/terms/otherCatalogNumbers | N47: DataSets/DataSet/Units/Unit/SpecimenUnit/History/PreviousUnitsText | O47: simple
A48: 46 | B48: http://rs.tdwg.org/dwc/terms/version/occurrenceRemarks-2017-10-06 | C48: occurrenceRemarks | D48: Occurrence Remarks | E48: Comments or notes about the Occurrence. | G48: `found dead on road` | H48: http://rs.tdwg.org/dwc/terms/Occurrence | I48: 2017-10-06 | J48: recommended | K48: http://rs.tdwg.org/dwc/terms/version/occurrenceRemarks-2009-04-24 | L48: http://www.w3.org/1999/02/22-rdf-syntax-ns#Property | M48: http://rs.tdwg.org/dwc/terms/occurrenceRemarks | N48: DataSets/DataSet/Units/Unit/Notes | O48: simple
A49: 47 | B49: http://rs.tdwg.org/dwc/terms/version/Organism-2018-09-06 | C49: Organism | D49: Organism | E49: A particular organism or defined group of organisms considered to be taxonomically homogeneous. | F49: Instances of the dwc:Organism class are intended to facilitate linking one or more dwc:Identification instances to one or more dwc:Occurrence instances. Therefore, things that are typically assigned scientific names (such as viruses, hybrids, and lichens) and aggregates whose occurrences are typically recorded (such as packs, clones, and colonies) are included in the scope of this class. | G49: A specific bird. A specific wolf pack. A specific instance of a bacterial culture. | I49: 2018-09-06 | J49: recommended | K49: http://rs.tdwg.org/dwc/terms/version/Organism-2014-10-23 | L49: http://www.w3.org/2000/01/rdf-schema#Class | M49: http://rs.tdwg.org/dwc/terms/Organism | N49: not in ABCD | O49: extension
A50: 48 | B50: http://rs.tdwg.org/dwc/terms/version/organismID-2017-10-06 | C50: organismID | D50: Organism ID | E50: An identifier for the Organism instance (as opposed to a particular digital record of the Organism). May be a globally unique identifier or an identifier specific to the data set. | G50: `http://arctos.database.museum/guid/WNMU:Mamm:1249` | H50: http://rs.tdwg.org/dwc/terms/Organism | I50: 2017-10-06 | J50: recommended | K50: http://rs.tdwg.org/dwc/terms/version/organismID-2014-10-23 | L50: http://www.w3.org/1999/02/22-rdf-syntax-ns#Property | M50: http://rs.tdwg.org/dwc/terms/organismID | N50: not in ABCD | O50: simple
A51: 49 | B51: http://rs.tdwg.org/dwc/terms/version/organismName-2017-10-06 | C51: organismName | D51: Organism Name | E51: A textual name or label assigned to an Organism instance. | G51: `Huberta`; `Boab Prison Tree`; `J pod` | H51: http://rs.tdwg.org/dwc/terms/Organism | I51: 2017-10-06 | J51: recommended | K51: http://rs.tdwg.org/dwc/terms/version/organismName-2014-10-23 | L51: http://www.w3.org/1999/02/22-rdf-syntax-ns#Property | M51: http://rs.tdwg.org/dwc/terms/organismName | N51: not in ABCD | O51: simple
A52: 50 | B52: http://rs.tdwg.org/dwc/terms/version/organismScope-2017-10-06 | C52: organismScope | D52: Organism Scope | E52: A description of the kind of Organism instance. Can be used to indicate whether the Organism instance represents a discrete organism or if it represents a particular type of aggregation. | F52: Recommended best practice is to use a controlled vocabulary. This term is not intended to be used to specify a type of taxon. To describe the kind of dwc:Organism using a URI object in RDF, use rdf:type (http://www.w3.org/1999/02/22-rdf-syntax-ns#type) instead. | G52: `multicellular organism`; `virus`; `clone`; `pack`; `colony` | H52: http://rs.tdwg.org/dwc/terms/Organism | I52: 2017-10-06 | J52: recommended | K52: http://rs.tdwg.org/dwc/terms/version/organismScope-2014-10-23 | L52: http://www.w3.org/1999/02/22-rdf-syntax-ns#Property | M52: http://rs.tdwg.org/dwc/terms/organismScope | N52: not in ABCD | O52: simple
A53: 51 | B53: http://rs.tdwg.org/dwc/terms/version/associatedOrganisms-2021-07-15 | C53: associatedOrganisms | D53: Associated Organisms | E53: A list (concatenated and separated) of identifiers of other Organisms and the associations of this Organism to each of them. | F53: This term can be used to provide a list of associations to other Organisms. Note that the ResourceRelationship class is an alternative means of representing associations, and with more detail. Recommended best practice is to separate the values in a list with space vertical bar space (` | `). | G53: `"sibling of":"http://arctos.database.museum/guid/DMNS:Mamm:14171"`; `"parent of":"http://arctos.database.museum/guid/MSB:Mamm:196208" | "parent of":"http://arctos.database.museum/guid/MSB:Mamm:196523" | "sibling of":"http://arctos.database.museum/guid/MSB:Mamm:142638"` | H53: http://rs.tdwg.org/dwc/terms/Organism | I53: 2021-07-15 | J53: recommended | K53: http://rs.tdwg.org/dwc/terms/version/associatedOrganisms-2017-10-06 | L53: http://www.w3.org/1999/02/22-rdf-syntax-ns#Property | M53: http://rs.tdwg.org/dwc/terms/associatedOrganisms | N53: not in ABCD | O53: simple
A54: 52 | B54: http://rs.tdwg.org/dwc/terms/version/previousIdentifications-2017-10-06 | C54: previousIdentifications | D54: Previous Identifications | E54: A list (concatenated and separated) of previous assignments of names to the Organism. | F54: Recommended best practice is to separate the values in a list with space vertical bar space (` | `). | G54: `Chalepidae`; `Pinus abies`; `Anthus sp., field ID by G. Iglesias | Anthus correndera, expert ID by C. Cicero 2009-02-12 based on morphology` | H54: http://rs.tdwg.org/dwc/terms/Organism | I54: 2017-10-06 | J54: recommended | K54: http://rs.tdwg.org/dwc/terms/version/previousIdentifications-2014-10-23 | L54: http://www.w3.org/1999/02/22-rdf-syntax-ns#Property | M54: http://rs.tdwg.org/dwc/terms/previousIdentifications | N54: DataSets/DataSet/Units/Unit/Identifications/Identification with PreferredFlag = false | O54: simple
A55: 53 | B55: http://rs.tdwg.org/dwc/terms/version/organismRemarks-2017-10-06 | C55: organismRemarks | D55: Organism Remarks | E55: Comments or notes about the Organism instance. | G55: `One of a litter of six` | H55: http://rs.tdwg.org/dwc/terms/Organism | I55: 2017-10-06 | J55: recommended | K55: http://rs.tdwg.org/dwc/terms/version/organismRemarks-2014-10-23 | L55: http://www.w3.org/1999/02/22-rdf-syntax-ns#Property | M55: http://rs.tdwg.org/dwc/terms/organismRemarks | N55: not in ABCD | O55: simple
A56: 54 | B56: http://rs.tdwg.org/dwc/terms/version/MaterialSample-2018-09-06 | C56: MaterialSample | D56: Material Sample | E56: A physical result of a sampling (or subsampling) event. In biological collections, the material sample is typically collected, and either preserved or destructively processed. | G56: A whole organism preserved in a collection. A part of an organism isolated for some purpose. A soil sample. A marine microbial sample. | I56: 2018-09-06 | J56: recommended | K56: http://rs.tdwg.org/dwc/terms/version/MaterialSample-2017-10-06 | L56: http://www.w3.org/2000/01/rdf-schema#Class | M56: http://rs.tdwg.org/dwc/terms/MaterialSample | N56: DataSets/DataSet/Units/Unit | O56: extension
A57: 55 | B57: http://rs.tdwg.org/dwc/terms/version/materialSampleID-2020-10-28 | C57: materialSampleID | D57: Material Sample ID | E57: An identifier for the MaterialSample (as opposed to a particular digital record of the material sample). In the absence of a persistent global unique identifier, construct one from a combination of identifiers in the record that will most closely make the materialSampleID globally unique. | F57: Recommended best practice is to use a persistent, globally unique identifier. | G57: `06809dc5-f143-459a-be1a-6f03e63fc083` | H57: http://rs.tdwg.org/dwc/terms/MaterialSample | I57: 2020-10-28 | J57: recommended | K57: http://rs.tdwg.org/dwc/terms/version/materialSampleID-2017-10-06 | L57: http://www.w3.org/1999/02/22-rdf-syntax-ns#Property | M57: http://rs.tdwg.org/dwc/terms/materialSampleID | N57: not in ABCD | O57: simple
A58: 56 | B58: http://rs.tdwg.org/dwc/terms/version/Event-2018-09-06 | C58: Event | D58: Event | E58: An action that occurs at some location during some time. | G58: A specimen collection process. A camera trap image capture. A marine trawl. | I58: 2018-09-06 | J58: recommended | K58: http://rs.tdwg.org/dwc/terms/version/Event-2014-10-23 | L58: http://www.w3.org/2000/01/rdf-schema#Class | M58: http://rs.tdwg.org/dwc/terms/Event | N58: DataSets/DataSet/Units/Unit/Gathering | O58: extension
A59: 57 | B59: http://rs.tdwg.org/dwc/terms/version/eventID-2017-10-06 | C59: eventID | D59: Event ID | E59: An identifier for the set of information associated with an Event (something that occurs at a place and time). May be a global unique identifier or an identifier specific to the data set. | G59: `INBO:VIS:Ev:00009375` | H59: http://rs.tdwg.org/dwc/terms/Event | I59: 2017-10-06 | J59: recommended | K59: http://rs.tdwg.org/dwc/terms/version/eventID-2009-04-24 | L59: http://www.w3.org/1999/02/22-rdf-syntax-ns#Property | M59: http://rs.tdwg.org/dwc/terms/eventID | N59: DataSets/DataSet/Units/Unit/Gathering/Code | O59: simple
A60: 58 | B60: http://rs.tdwg.org/dwc/terms/version/parentEventID-2017-10-06 | C60: parentEventID | D60: Parent Event ID | E60: An identifier for the broader Event that groups this and potentially other Events. | F60: Use a globally unique identifier for a dwc:Event or an identifier for a dwc:Event that is specific to the data set. | G60: `A1` (parentEventID to identify the main Whittaker Plot in nested samples, each with its own eventID - `A1:1`, `A1:2`). | H60: http://rs.tdwg.org/dwc/terms/Event | I60: 2017-10-06 | J60: recommended | K60: http://rs.tdwg.org/dwc/terms/version/parentEventID-2014-12-23 | L60: http://www.w3.org/1999/02/22-rdf-syntax-ns#Property | M60: http://rs.tdwg.org/dwc/terms/parentEventID | N60: not in ABCD | O60: simple
A61: 59 | B61: http://rs.tdwg.org/dwc/terms/version/fieldNumber-2017-10-06 | C61: fieldNumber | D61: Field Number | E61: An identifier given to the event in the field. Often serves as a link between field notes and the Event. | G61: `RV Sol 87-03-08` | H61: http://rs.tdwg.org/dwc/terms/Event | I61: 2017-10-06 | J61: recommended | K61: http://rs.tdwg.org/dwc/terms/version/fieldNumber-2009-04-24 | L61: http://www.w3.org/1999/02/22-rdf-syntax-ns#Property | M61: http://rs.tdwg.org/dwc/terms/fieldNumber | N61: DataSets/DataSet/Units/Unit/Gathering/Code | O61: simple
A62: 60 | B62: http://rs.tdwg.org/dwc/terms/version/eventDate-2020-08-12 | C62: eventDate | D62: Event Date | E62: The date-time or interval during which an Event occurred. For occurrences, this is the date-time when the event was recorded. Not suitable for a time in a geological context. | F62: Recommended best practice is to use a date that conforms to ISO 8601-1:2019. | G62: `1963-03-08T14:07-0600` (8 Mar 1963 at 2:07pm in the time zone six hours earlier than UTC); `2009-02-20T08:40Z` (20 February 2009 8:40am UTC); `2018-08-29T15:19` (3:19pm local time on 29 August 2018); `1809-02-12` (some time during 12 February 1809); `1906-06` (some time in June 1906); `1971` (some time in the year 1971); `2007-03-01T13:00:00Z/2008-05-11T15:30:00Z` (some time during the interval between 1 March 2007 1pm UTC and 11 May 2008 3:30pm UTC); `1900/1909` (some time during the interval between the beginning of the year 1900 and the end of the year 1909); `2007-11-13/15` (some time in the interval between 13 November 2007 and 15 November 2007) | H62: http://rs.tdwg.org/dwc/terms/Event | I62: 2020-08-12 | J62: recommended | K62: http://rs.tdwg.org/dwc/terms/version/eventDate-2017-10-06 | L62: http://www.w3.org/1999/02/22-rdf-syntax-ns#Property | M62: http://rs.tdwg.org/dwc/terms/eventDate | N62: accessible from DataSets/DataSet/Units/Unit/Gathering/ISODateTimeBegin and DataSets/DataSet/Units/Unit/Gathering/ISODateTimeEnd | O62: simple
A63: 61 | B63: http://rs.tdwg.org/dwc/terms/version/eventTime-2020-08-12 | C63: eventTime | D63: Event Time | E63: The time or interval during which an Event occurred. | F63: Recommended best practice is to use a date that conforms to ISO 8601-1:2019. | G63: `14:07-0600` (2:07pm in the time zone six hours earlier than UTC); `08:40:21Z` (8:40:21am UTC); `13:00:00Z/15:30:00Z` (the interval between 1pm UTC and 3:30pm UTC) | H63: http://rs.tdwg.org/dwc/terms/Event | I63: 2020-08-12 | J63: recommended | K63: http://rs.tdwg.org/dwc/terms/version/eventTime-2017-10-06 | L63: http://www.w3.org/1999/02/22-rdf-syntax-ns#Property | M63: http://rs.tdwg.org/dwc/terms/eventTime | N63: accessible from DataSets/DataSet/Units/Unit/Gathering/ISODateTimeBegin and DataSets/DataSet/Units/Unit/Gathering/ISODateTimeEnd | O63: simple
A64: 62 | B64: http://rs.tdwg.org/dwc/terms/version/startDayOfYear-2020-08-20 | C64: startDayOfYear | D64: Start Day Of Year | E64: The earliest integer day of the year on which the Event occurred (1 for January 1, 365 for December 31, except in a leap year, in which case it is 366). | G64: `1` (1 January); `366` (31 December); `365` (30 December in a leap year, 31 December in a non-leap year) | H64: http://rs.tdwg.org/dwc/terms/Event | I64: 2020-08-20 | J64: recommended | K64: http://rs.tdwg.org/dwc/terms/version/startDayOfYear-2017-10-06 | L64: http://www.w3.org/1999/02/22-rdf-syntax-ns#Property | M64: http://rs.tdwg.org/dwc/terms/startDayOfYear | N64: DataSets/DataSet/Units/Unit/Gathering/DateTime/DayNumberBegin | O64: simple
A65: 63 | B65: http://rs.tdwg.org/dwc/terms/version/endDayOfYear-2020-08-20 | C65: endDayOfYear | D65: End Day Of Year | E65: The latest integer day of the year on which the Event occurred (1 for January 1, 365 for December 31, except in a leap year, in which case it is 366). | G65: `1` (1 January); `32` (1 February); `366` (31 December); `365` (30 December in a leap year, 31 December in a non-leap year) | H65: http://rs.tdwg.org/dwc/terms/Event | I65: 2020-08-20 | J65: recommended | K65: http://rs.tdwg.org/dwc/terms/version/endDayOfYear-2017-10-06 | L65: http://www.w3.org/1999/02/22-rdf-syntax-ns#Property | M65: http://rs.tdwg.org/dwc/terms/endDayOfYear | N65: DataSets/DataSet/Units/Unit/Gathering/DateTime/DayNumberEnd | O65: simple
A66: 64 | B66: http://rs.tdwg.org/dwc/terms/version/year-2017-10-06 | C66: year | D66: Year | E66: The four-digit year in which the Event occurred, according to the Common Era Calendar. | G66: `1160`; `2008` | H66: http://rs.tdwg.org/dwc/terms/Event | I66: 2017-10-06 | J66: recommended | K66: http://rs.tdwg.org/dwc/terms/version/year-2009-04-24 | L66: http://www.w3.org/1999/02/22-rdf-syntax-ns#Property | M66: http://rs.tdwg.org/dwc/terms/year | N66: accessible from DataSets/DataSet/Units/Unit/Gathering/ISODateTimeBegin | O66: simple
A67: 65 | B67: http://rs.tdwg.org/dwc/terms/version/month-2020-08-12 | C67: month | D67: Month | E67: The integer month in which the Event occurred. | G67: `1` (January); `10` (October) | H67: http://rs.tdwg.org/dwc/terms/Event | I67: 2020-08-12 | J67: recommended | K67: http://rs.tdwg.org/dwc/terms/version/month-2017-10-06 | L67: http://www.w3.org/1999/02/22-rdf-syntax-ns#Property | M67: http://rs.tdwg.org/dwc/terms/month | N67: accessible from DataSets/DataSet/Units/Unit/Gathering/ISODateTimeBegin | O67: simple
A68: 66 | B68: http://rs.tdwg.org/dwc/terms/version/day-2017-10-06 | C68: day | D68: Day | E68: The integer day of the month on which the Event occurred. | G68: `9`; `28` | H68: http://rs.tdwg.org/dwc/terms/Event | I68: 2017-10-06 | J68: recommended | K68: http://rs.tdwg.org/dwc/terms/version/day-2009-04-24 | L68: http://www.w3.org/1999/02/22-rdf-syntax-ns#Property | M68: http://rs.tdwg.org/dwc/terms/day | N68: accessible from DataSets/DataSet/Units/Unit/Gathering/ISODateTimeBegin | O68: simple
A69: 67 | B69: http://rs.tdwg.org/dwc/terms/version/verbatimEventDate-2017-10-06 | C69: verbatimEventDate | D69: Verbatim EventDate | E69: The verbatim original representation of the date and time information for an Event. | G69: `spring 1910`; `Marzo 2002`; `1999-03-XX`; `17IV1934` | H69: http://rs.tdwg.org/dwc/terms/Event | I69: 2017-10-06 | J69: recommended | K69: http://rs.tdwg.org/dwc/terms/version/verbatimEventDate-2009-04-24 | L69: http://www.w3.org/1999/02/22-rdf-syntax-ns#Property | M69: http://rs.tdwg.org/dwc/terms/verbatimEventDate | N69: DataSets/DataSet/Units/Unit/Gathering/DateTime/DateText | O69: simple
A70: 68 | B70: http://rs.tdwg.org/dwc/terms/version/habitat-2017-10-06 | C70: habitat | D70: Habitat | E70: A category or description of the habitat in which the Event occurred. | G70: `oak savanna`; `pre-cordilleran steppe` | H70: http://rs.tdwg.org/dwc/terms/Event | I70: 2017-10-06 | J70: recommended | K70: http://rs.tdwg.org/dwc/terms/version/habitat-2009-04-24 | L70: http://www.w3.org/1999/02/22-rdf-syntax-ns#Property | M70: http://rs.tdwg.org/dwc/terms/habitat | N70: DataSets/DataSet/Units/Unit/Gathering/Biotope/Text | O70: simple
A71: 69 | B71: http://rs.tdwg.org/dwc/terms/version/samplingProtocol-2021-07-15 | C71: samplingProtocol | D71: Sampling Protocol | E71: The names of, references to, or descriptions of the methods or protocols used during an Event. | F71: Recommended best practice is describe an Event with no more than one sampling protocol. In the case of a summary Event with multiple protocols, in which a specific protocol can not be attributed to specific Occurrences, the recommended best practice is to separate the values in a list with space vertical bar space (` | `). | G71: `UV light trap`; `mist net`; `bottom trawl`; `ad hoc observation | point count`; `Penguins from space: faecal stains reveal the location of emperor penguin colonies, https://doi.org/10.1111/j.1466-8238.2009.00467.x`; `Takats et al. 2001. Guidelines for Nocturnal Owl Monitoring in North America. Beaverhill Bird Observatory and Bird Studies Canada, Edmonton, Alberta. 32 pp., http://www.bsc-eoc.org/download/Owl.pdf` | H71: http://rs.tdwg.org/dwc/terms/Event | I71: 2021-07-15 | J71: recommended | K71: http://rs.tdwg.org/dwc/terms/version/samplingProtocol-2017-10-06 | L71: http://www.w3.org/1999/02/22-rdf-syntax-ns#Property | M71: http://rs.tdwg.org/dwc/terms/samplingProtocol | N71: DataSets/DataSet/Units/Unit/Gathering/Method | O71: simple
A72: 70 | B72: http://rs.tdwg.org/dwc/terms/version/sampleSizeValue-2017-10-06 | C72: sampleSizeValue | D72: Sample Size Value | E72: A numeric value for a measurement of the size (time duration, length, area, or volume) of a sample in a sampling event. | F72: A sampleSizeValue must have a corresponding sampleSizeUnit. | G72: `5` (sampleSizeValue) with `metre` (sampleSizeUnit) | H72: http://rs.tdwg.org/dwc/terms/Event | I72: 2017-10-06 | J72: recommended | K72: http://rs.tdwg.org/dwc/terms/version/sampleSizeValue-2014-12-23 | L72: http://www.w3.org/1999/02/22-rdf-syntax-ns#Property | M72: http://rs.tdwg.org/dwc/terms/sampleSizeValue | N72: not in ABCD | O72: simple
A73: 71 | B73: http://rs.tdwg.org/dwc/terms/version/sampleSizeUnit-2017-10-06 | C73: sampleSizeUnit | D73: Sample Size Unit | E73: The unit of measurement of the size (time duration, length, area, or volume) of a sample in a sampling event. | F73: A sampleSizeUnit must have a corresponding sampleSizeValue, e.g., `5` for sampleSizeValue with `metre` for sampleSizeUnit. | G73: `minute`; `hour`; `day`; `metre`; `square metre`; `cubic metre` | H73: http://rs.tdwg.org/dwc/terms/Event | I73: 2017-10-06 | J73: recommended | K73: http://rs.tdwg.org/dwc/terms/version/sampleSizeUnit-2014-12-23 | L73: http://www.w3.org/1999/02/22-rdf-syntax-ns#Property | M73: http://rs.tdwg.org/dwc/terms/sampleSizeUnit | N73: not in ABCD | O73: simple
A74: 72 | B74: http://rs.tdwg.org/dwc/terms/version/samplingEffort-2017-10-06 | C74: samplingEffort | D74: Sampling Effort | E74: The amount of effort expended during an Event. | G74: `40 trap-nights`; `10 observer-hours`; `10 km by foot`; `30 km by car` | H74: http://rs.tdwg.org/dwc/terms/Event | I74: 2017-10-06 | J74: recommended | K74: http://rs.tdwg.org/dwc/terms/version/samplingEffort-2009-08-24 | L74: http://www.w3.org/1999/02/22-rdf-syntax-ns#Property | M74: http://rs.tdwg.org/dwc/terms/samplingEffort | N74: not in ABCD | O74: simple
A75: 73 | B75: http://rs.tdwg.org/dwc/terms/version/fieldNotes-2017-10-06 | C75: fieldNotes | D75: Field Notes | E75: One of a) an indicator of the existence of, b) a reference to (publication, URI), or c) the text of notes taken in the field about the Event. | G75: `Notes available in the Grinnell-Miller Library.` | H75: http://rs.tdwg.org/dwc/terms/Event | I75: 2017-10-06 | J75: recommended | K75: http://rs.tdwg.org/dwc/terms/version/fieldNotes-2009-04-24 | L75: http://www.w3.org/1999/02/22-rdf-syntax-ns#Property | M75: http://rs.tdwg.org/dwc/terms/fieldNotes | N75: DataSets/DataSet/Units/Unit/FieldNotes | O75: simple
A76: 74 | B76: http://rs.tdwg.org/dwc/terms/version/eventRemarks-2017-10-06 | C76: eventRemarks | D76: Event Remarks | E76: Comments or notes about the Event. | G76: `After the recent rains the river is nearly at flood stage.` | H76: http://rs.tdwg.org/dwc/terms/Event | I76: 2017-10-06 | J76: recommended | K76: http://rs.tdwg.org/dwc/terms/version/eventRemarks-2009-04-24 | L76: http://www.w3.org/1999/02/22-rdf-syntax-ns#Property | M76: http://rs.tdwg.org/dwc/terms/eventRemarks | N76: DataSets/DataSet/Units/Unit/Gathering/Notes | O76: simple
A77: 75 | B77: http://dublincore.org/usage/terms/history/#Location-001 | C77: Location | D77: Location | E77: A spatial region or named place. | G77: The municipality of San Carlos de Bariloche, Río Negro, Argentina. The place defined by a georeference. | H77: http://purl.org/dc/terms/ | I77: 2008-01-14 | J77: recommended | K77: http://rs.tdwg.org/dwc/dwctype/version/Location-2009-04-24 | L77: http://www.w3.org/2000/01/rdf-schema#Class | M77: http://purl.org/dc/terms/Location | N77: not in ABCD
A78: 76 | B78: http://rs.tdwg.org/dwc/terms/version/locationID-2017-10-06 | C78: locationID | D78: Location ID | E78: An identifier for the set of location information (data associated with dcterms:Location). May be a global unique identifier or an identifier specific to the data set. | G78: `https://opencontext.org/subjects/768A875F-E205-4D0B-DE55-BAB7598D0FD1` | H78: http://purl.org/dc/terms/Location | I78: 2017-10-06 | J78: recommended | K78: http://rs.tdwg.org/dwc/terms/version/locationID-2009-04-24 | L78: http://www.w3.org/1999/02/22-rdf-syntax-ns#Property | M78: http://rs.tdwg.org/dwc/terms/locationID | N78: not in ABCD | O78: simple
A79: 77 | B79: http://rs.tdwg.org/dwc/terms/version/higherGeographyID-2017-10-06 | C79: higherGeographyID | D79: Higher Geography ID | E79: An identifier for the geographic region within which the Location occurred. | F79: Recommended best practice is to use a persistent identifier from a controlled vocabulary such as the Getty Thesaurus of Geographic Names. | G79: `http://vocab.getty.edu/tgn/1002002` (Antártida e Islas del Atlántico Sur, Territorio Nacional de la Tierra del Fuego, Argentina). | H79: http://purl.org/dc/terms/Location | I79: 2017-10-06 | J79: recommended | K79: http://rs.tdwg.org/dwc/terms/version/higherGeographyID-2009-04-24 | L79: http://www.w3.org/1999/02/22-rdf-syntax-ns#Property | M79: http://rs.tdwg.org/dwc/terms/higherGeographyID | N79: not in ABCD | O79: simple
A80: 78 | B80: http://rs.tdwg.org/dwc/terms/version/higherGeography-2017-10-06 | C80: higherGeography | D80: Higher Geography | E80: A list (concatenated and separated) of geographic names less specific than the information captured in the locality term. | F80: Recommended best practice is to separate the values in a list with space vertical bar space (` | `), with terms in order from least specific to most specific. | G80: `North Atlantic Ocean`; `South America | Argentina | Patagonia | Parque Nacional Nahuel Huapi | Neuquén | Los Lagos` with accompanying values `South America` (continent) `Argentina` (country), `Neuquén` (stateProvince), and `Los Lagos` (county) | H80: http://purl.org/dc/terms/Location | I80: 2017-10-06 | J80: recommended | K80: http://rs.tdwg.org/dwc/terms/version/higherGeography-2014-10-23 | L80: http://www.w3.org/1999/02/22-rdf-syntax-ns#Property | M80: http://rs.tdwg.org/dwc/terms/higherGeography | N80: {DataSets/DataSet/Units/Unit/Gathering/LocalityText or DataSets/DataSet/Units/Unit/Gathering/NamedAreas/NamedArea/AreaName} | O80: simple
A81: 79 | B81: http://rs.tdwg.org/dwc/terms/version/continent-2017-10-06 | C81: continent | D81: Continent | E81: The name of the continent in which the Location occurs. | F81: Recommended best practice is to use a controlled vocabulary such as the Getty Thesaurus of Geographic Names. | G81: `Africa`; `Antarctica`; `Asia`; `Europe`; `North America`; `Oceania`; `South America` | H81: http://purl.org/dc/terms/Location | I81: 2017-10-06 | J81: recommended | K81: http://rs.tdwg.org/dwc/terms/version/continent-2009-04-24 | L81: http://www.w3.org/1999/02/22-rdf-syntax-ns#Property | M81: http://rs.tdwg.org/dwc/terms/continent | N81: DataSets/DataSet/Units/Unit/Gathering/NamedAreas/NamedArea/AreaName with NamedAreas/NamedArea/AreaClass= Continent | O81: simple
A82: 80 | B82: http://rs.tdwg.org/dwc/terms/version/waterBody-2017-10-06 | C82: waterBody | D82: Water Body | E82: The name of the water body in which the Location occurs. | F82: Recommended best practice is to use a controlled vocabulary such as the Getty Thesaurus of Geographic Names. | G82: `Indian Ocean`; `Baltic Sea`; `Hudson River`; `Lago Nahuel Huapi` | H82: http://purl.org/dc/terms/Location | I82: 2017-10-06 | J82: recommended | K82: http://rs.tdwg.org/dwc/terms/version/waterBody-2009-04-24 | L82: http://www.w3.org/1999/02/22-rdf-syntax-ns#Property | M82: http://rs.tdwg.org/dwc/terms/waterBody | N82: DataSets/DataSet/Units/Unit/Gathering/NamedAreas/NamedArea/AreaName with NamedAreas/NamedArea/AreaClass= Water body | O82: simple
A83: 81 | B83: http://rs.tdwg.org/dwc/terms/version/islandGroup-2017-10-06 | C83: islandGroup | D83: Island Group | E83: The name of the island group in which the Location occurs. | F83: Recommended best practice is to use a controlled vocabulary such as the Getty Thesaurus of Geographic Names. | G83: `Alexander Archipelago`; `Archipiélago Diego Ramírez`; `Seychelles` | H83: http://purl.org/dc/terms/Location | I83: 2017-10-06 | J83: recommended | K83: http://rs.tdwg.org/dwc/terms/version/islandGroup-2009-04-24 | L83: http://www.w3.org/1999/02/22-rdf-syntax-ns#Property | M83: http://rs.tdwg.org/dwc/terms/islandGroup | N83: DataSets/DataSet/Units/Unit/Gathering/NamedAreas/NamedArea/AreaName with NamedAreas/NamedArea/AreaClass= Island group | O83: simple
A84: 82 | B84: http://rs.tdwg.org/dwc/terms/version/island-2017-10-06 | C84: island | D84: Island | E84: The name of the island on or near which the Location occurs. | F84: Recommended best practice is to use a controlled vocabulary such as the Getty Thesaurus of Geographic Names. | G84: `Nosy Be`; `Bikini Atoll`; `Vancouver`; `Viti Levu`; `Zanzibar` | H84: http://purl.org/dc/terms/Location | I84: 2017-10-06 | J84: recommended | K84: http://rs.tdwg.org/dwc/terms/version/island-2009-04-24 | L84: http://www.w3.org/1999/02/22-rdf-syntax-ns#Property | M84: http://rs.tdwg.org/dwc/terms/island | N84: DataSets/DataSet/Units/Unit/Gathering/NamedAreas/NamedArea/AreaName with NamedAreas/NamedArea/AreaClass= Island | O84: simple
A85: 83 | B85: http://rs.tdwg.org/dwc/terms/version/country-2021-07-15 | C85: country | D85: Country | E85: The name of the country or major administrative unit in which the Location occurs. | F85: Recommended best practice is to use a controlled vocabulary such as the Getty Thesaurus of Geographic Names. Recommended best practice is to leave this field blank if the Location spans multiple entities at this administrative level or if the Location might be in one or another of multiple possible entities at this level. Multiplicity and uncertainty of the geographic entity can be captured either in the term higherGeography or in the term locality, or both. | G85: `Denmark`; `Colombia`; `España` | H85: http://purl.org/dc/terms/Location | I85: 2021-07-15 | J85: recommended | K85: http://rs.tdwg.org/dwc/terms/version/country-2017-10-06 | L85: http://www.w3.org/1999/02/22-rdf-syntax-ns#Property | M85: http://rs.tdwg.org/dwc/terms/country | N85: DataSets/DataSet/Units/Unit/Gathering/Country/Name | O85: simple
A86: 84 | B86: http://rs.tdwg.org/dwc/terms/version/countryCode-2017-10-06 | C86: countryCode | D86: Country Code | E86: The standard code for the country in which the Location occurs. | F86: Recommended best practice is to use an ISO 3166-1-alpha-2 country code. | G86: `AR`; `SV` | H86: http://purl.org/dc/terms/Location | I86: 2017-10-06 | J86: recommended | K86: http://rs.tdwg.org/dwc/terms/version/countryCode-2009-04-24 | L86: http://www.w3.org/1999/02/22-rdf-syntax-ns#Property | M86: http://rs.tdwg.org/dwc/terms/countryCode | N86: DataSets/DataSet/Units/Unit/Gathering/Country/ISO3166Code | O86: simple
A87: 85 | B87: http://rs.tdwg.org/dwc/terms/version/stateProvince-2017-10-06 | C87: stateProvince | D87: State Province | E87: The name of the next smaller administrative region than country (state, province, canton, department, region, etc.) in which the Location occurs. | F87: Recommended best practice is to use a controlled vocabulary such as the Getty Thesaurus of Geographic Names. | G87: `Montana`; `Minas Gerais`; `Córdoba` | H87: http://purl.org/dc/terms/Location | I87: 2017-10-06 | J87: recommended | K87: http://rs.tdwg.org/dwc/terms/version/stateProvince-2009-04-24 | L87: http://www.w3.org/1999/02/22-rdf-syntax-ns#Property | M87: http://rs.tdwg.org/dwc/terms/stateProvince | N87: DataSets/DataSet/Units/Unit/Gathering/NamedAreas/NamedArea/AreaName with NamedAreas/NamedArea/AreaClass= State or = Province (etc.) | O87: simple
A88: 86 | B88: http://rs.tdwg.org/dwc/terms/version/county-2017-10-06 | C88: county | D88: County | E88: The full, unabbreviated name of the next smaller administrative region than stateProvince (county, shire, department, etc.) in which the Location occurs. | F88: Recommended best practice is to use a controlled vocabulary such as the Getty Thesaurus of Geographic Names. | G88: `Missoula`; `Los Lagos`; `Mataró` | H88: http://purl.org/dc/terms/Location | I88: 2017-10-06 | J88: recommended | K88: http://rs.tdwg.org/dwc/terms/version/county-2009-04-24 | L88: http://www.w3.org/1999/02/22-rdf-syntax-ns#Property | M88: http://rs.tdwg.org/dwc/terms/county | N88: DataSets/DataSet/Units/Unit/Gathering/NamedAreas/NamedArea/AreaName with NamedAreas/NamedArea/AreaClass= County | O88: simple
A89: 87 | B89: http://rs.tdwg.org/dwc/terms/version/municipality-2017-10-06 | C89: municipality | D89: Municipality | E89: The full, unabbreviated name of the next smaller administrative region than county (city, municipality, etc.) in which the Location occurs. Do not use this term for a nearby named place that does not contain the actual location. | F89: Recommended best practice is to use a controlled vocabulary such as the Getty Thesaurus of Geographic Names. | G89: `Holzminden`; `Araçatuba`; `Ga-Segonyana` | H89: http://purl.org/dc/terms/Location | I89: 2017-10-06 | J89: recommended | K89: http://rs.tdwg.org/dwc/terms/version/municipality-2009-08-24 | L89: http://www.w3.org/1999/02/22-rdf-syntax-ns#Property | M89: http://rs.tdwg.org/dwc/terms/municipality | N89: DataSets/DataSet/Units/Unit/Gathering/NamedAreas/NamedArea/AreaName | O89: simple
A90: 88 | B90: http://rs.tdwg.org/dwc/terms/version/locality-2021-07-15 | C90: locality | D90: Locality | E90: The specific description of the place. | F90: Less specific geographic information can be provided in other geographic terms (higherGeography, continent, country, stateProvince, county, municipality, waterBody, island, islandGroup). This term may contain information modified from the original to correct perceived errors or standardize the description. | G90: `Bariloche, 25 km NNE via Ruta Nacional 40 (=Ruta 237)`; `Queets Rainforest, Olympic National Park` | H90: http://purl.org/dc/terms/Location | I90: 2021-07-15 | J90: recommended | K90: http://rs.tdwg.org/dwc/terms/version/locality-2017-10-06 | L90: http://www.w3.org/1999/02/22-rdf-syntax-ns#Property | M90: http://rs.tdwg.org/dwc/terms/locality | N90: DataSets/DataSet/Units/Unit/Gathering/NamedAreas/NamedArea/AreaName | O90: simple
A91: 89 | B91: http://rs.tdwg.org/dwc/terms/version/verbatimLocality-2021-07-15 | C91: verbatimLocality | D91: Verbatim Locality | E91: The original textual description of the place. | G91: `25 km NNE Bariloche por R. Nac. 237` | H91: http://purl.org/dc/terms/Location | I91: 2021-07-15 | J91: recommended | K91: http://rs.tdwg.org/dwc/terms/version/verbatimLocality-2017-10-06 | L91: http://www.w3.org/1999/02/22-rdf-syntax-ns#Property | M91: http://rs.tdwg.org/dwc/terms/verbatimLocality | N91: DataSets/DataSet/Units/Unit/Gathering/LocalityText | O91: simple
A92: 90 | B92: http://rs.tdwg.org/dwc/terms/version/minimumElevationInMeters-2017-10-06 | C92: minimumElevationInMeters | D92: Minimum Elevation In Meters | E92: The lower limit of the range of elevation (altitude, usually above sea level), in meters. | G92: `-100`; `802` | H92: http://purl.org/dc/terms/Location | I92: 2017-10-06 | J92: recommended | K92: http://rs.tdwg.org/dwc/terms/version/minimumElevationInMeters-2009-04-24 | L92: http://www.w3.org/1999/02/22-rdf-syntax-ns#Property | M92: http://rs.tdwg.org/dwc/terms/minimumElevationInMeters | N92: DataSets/DataSet/Units/Unit/Gathering/Altitude/MeasurementOrFactAtomised/LowerValue | O92: simple
A93: 91 | B93: http://rs.tdwg.org/dwc/terms/version/maximumElevationInMeters-2017-10-06 | C93: maximumElevationInMeters | D93: Maximum Elevation In Meters | E93: The upper limit of the range of elevation (altitude, usually above sea level), in meters. | G93: `-205`; `1236` | H93: http://purl.org/dc/terms/Location | I93: 2017-10-06 | J93: recommended | K93: http://rs.tdwg.org/dwc/terms/version/maximumElevationInMeters-2009-04-24 | L93: http://www.w3.org/1999/02/22-rdf-syntax-ns#Property | M93: http://rs.tdwg.org/dwc/terms/maximumElevationInMeters | N93: DataSets/DataSet/Units/Unit/Gathering/Altitude/MeasurementOrFactAtomised/UpperValue | O93: simple
A94: 92 | B94: http://rs.tdwg.org/dwc/terms/version/verbatimElevation-2017-10-06 | C94: verbatimElevation | D94: Verbatim Elevation | E94: The original description of the elevation (altitude, usually above sea level) of the Location. | G94: `100-200 m` | H94: http://purl.org/dc/terms/Location | I94: 2017-10-06 | J94: recommended | K94: http://rs.tdwg.org/dwc/terms/version/verbatimElevation-2009-04-24 | L94: http://www.w3.org/1999/02/22-rdf-syntax-ns#Property | M94: http://rs.tdwg.org/dwc/terms/verbatimElevation | N94: DataSets/DataSet/Units/Unit/Gathering/Altitude/MeasurementOrFactText | O94: simple
A95: 93 | B95: http://rs.tdwg.org/dwc/terms/version/verticalDatum-2021-07-15 | C95: verticalDatum | D95: Vertical Datum | E95: The vertical datum used as the reference upon which the values in the elevation terms are based. | F95: Recommended best practice is to use a controlled vocabulary. | G95: `EGM84`; `EGM96`; `EGM2008`; `PGM2000A`; `PGM2004`; `PGM2006`; `PGM2007`; `epsg:7030`; `unknown` | H95: http://purl.org/dc/terms/Location | I95: 2021-07-15 | J95: recommended | L95: http://www.w3.org/1999/02/22-rdf-syntax-ns#Property | M95: http://rs.tdwg.org/dwc/terms/verticalDatum | N95: not in ABCD | O95: simple
A96: 94 | B96: http://rs.tdwg.org/dwc/terms/version/minimumDepthInMeters-2017-10-06 | C96: minimumDepthInMeters | D96: Minimum Depth In Meters | E96: The lesser depth of a range of depth below the local surface, in meters. | G96: `0`; `100` | H96: http://purl.org/dc/terms/Location | I96: 2017-10-06 | J96: recommended | K96: http://rs.tdwg.org/dwc/terms/version/minimumDepthInMeters-2009-04-24 | L96: http://www.w3.org/1999/02/22-rdf-syntax-ns#Property | M96: http://rs.tdwg.org/dwc/terms/minimumDepthInMeters | N96: DataSets/DataSet/Units/Unit/Gathering/Depth/MeasurementOrFactAtomised/LowerValue | O96: simple
A97: 95 | B97: http://rs.tdwg.org/dwc/terms/version/maximumDepthInMeters-2017-10-06 | C97: maximumDepthInMeters | D97: Maximum Depth In Meters | E97: The greater depth of a range of depth below the local surface, in meters. | G97: `0`; `200` | H97: http://purl.org/dc/terms/Location | I97: 2017-10-06 | J97: recommended | K97: http://rs.tdwg.org/dwc/terms/version/maximumDepthInMeters-2009-04-24 | L97: http://www.w3.org/1999/02/22-rdf-syntax-ns#Property | M97: http://rs.tdwg.org/dwc/terms/maximumDepthInMeters | N97: DataSets/DataSet/Units/Unit/Gathering/Depth/MeasurementOrFactAtomised/UpperValue | O97: simple
A98: 96 | B98: http://rs.tdwg.org/dwc/terms/version/verbatimDepth-2017-10-06 | C98: verbatimDepth | D98: Verbatim Depth | E98: The original description of the depth below the local surface. | G98: `100-200 m` | H98: http://purl.org/dc/terms/Location | I98: 2017-10-06 | J98: recommended | K98: http://rs.tdwg.org/dwc/terms/version/verbatimDepth-2009-04-24 | L98: http://www.w3.org/1999/02/22-rdf-syntax-ns#Property | M98: http://rs.tdwg.org/dwc/terms/verbatimDepth | N98: DataSets/DataSet/Units/Unit/Gathering/Depth/MeasurementOrFactText | O98: simple
A99: 97 | B99: http://rs.tdwg.org/dwc/terms/version/minimumDistanceAboveSurfaceInMeters-2017-10-06 | C99: minimumDistanceAboveSurfaceInMeters | D99: Minimum Distance Above Surface In Meters | E99: The lesser distance in a range of distance from a reference surface in the vertical direction, in meters. Use positive values for locations above the surface, negative values for locations below. If depth measures are given, the reference surface is the location given by the depth, otherwise the reference surface is the location given by the elevation. | G99: `-1.5` (below the surface); `4.2` (above the surface); For a 1.5 meter sediment core from the bottom of a lake (at depth 20m) at 300m elevation: verbatimElevation: `300m` minimumElevationInMeters: `300`, maximumElevationInMeters: `300`, verbatimDepth: `20m`, minimumDepthInMeters: `20`, maximumDepthInMeters: `20`, minimumDistanceAboveSurfaceInMeters: `0`, maximumDistanceAboveSurfaceInMeters: `-1.5`. | H99: http://purl.org/dc/terms/Location | I99: 2017-10-06 | J99: recommended | K99: http://rs.tdwg.org/dwc/terms/version/minimumDistanceAboveSurfaceInMeters-2009-04-24 | L99: http://www.w3.org/1999/02/22-rdf-syntax-ns#Property | M99: http://rs.tdwg.org/dwc/terms/minimumDistanceAboveSurfaceInMeters | N99: DataSets/DataSet/Units/Unit/Gathering/Height/MeasurementOrFactAtomised/LowerValue | O99: simple
A100: 98 | B100: http://rs.tdwg.org/dwc/terms/version/maximumDistanceAboveSurfaceInMeters-2017-10-06 | C100: maximumDistanceAboveSurfaceInMeters | D100: Maximum Distance Above Surface In Meters | E100: The greater distance in a range of distance from a reference surface in the vertical direction, in meters. Use positive values for locations above the surface, negative values for locations below. If depth measures are given, the reference surface is the location given by the depth, otherwise the reference surface is the location given by the elevation. | G100: `-1.5` (below the surface); `4.2` (above the surface); For a 1.5 meter sediment core from the bottom of a lake (at depth 20m) at 300m elevation: verbatimElevation: `300m` minimumElevationInMeters: `300`, maximumElevationInMeters: `300`, verbatimDepth: `20m`, minimumDepthInMeters: `20`, maximumDepthInMeters: `20`, minimumDistanceAboveSurfaceInMeters: `0`, maximumDistanceAboveSurfaceInMeters: `-1.5`. | H100: http://purl.org/dc/terms/Location | I100: 2017-10-06 | J100: recommended | K100: http://rs.tdwg.org/dwc/terms/version/maximumDistanceAboveSurfaceInMeters-2009-04-24 | L100: http://www.w3.org/1999/02/22-rdf-syntax-ns#Property | M100: http://rs.tdwg.org/dwc/terms/maximumDistanceAboveSurfaceInMeters | N100: DataSets/DataSet/Units/Unit/Gathering/Height/MeasurementOrFactAtomised/UpperValue | O100: simple
...
